"Gene","cal_ID","gav_ID","Mean_gene_length","cal_rel","gav_rel","Same_rel_patt"
"37305_ispE",1878,1847,861.9,"PS_PA_ET_EC_EA_CF_TP_TS","PS_PA_ET_EC_EA_CF_TP_TS",TRUE
"37308_prfA",1881,1850,1083,"PS_PA_EA_ET_EC_TP_CF_TS","PS_PA_EA_ET_EC_CF_TP_TS",FALSE
"37310_ychQ",1883,1852,395.4,"PS_PA_ET_TP_EC_CF_EA_TS","PS_PA_ET_TP_CF_EC_TS_EA",FALSE
"37311_hypothetical_protein",1884,1853,809.7,"PS_PA_EC_ET_EA_TP_CF_TS","PS_PA_ET_EA_EC_TP_CF_TS",FALSE
"37312_kdsA",1885,1854,855,"PS_PA_EC_EA_ET_CF_TP_TS","PS_PA_ET_EC_EA_CF_TP_TS",FALSE
"37313_chaA",1886,1855,1095,"PS_PA_TP_ET_EA_EC_TS_CF","PS_PA_ET_TP_EA_EC_TS_CF",FALSE
"37315_hypothetical_protein",1906,1875,1435.2,"PS_PA_ET_EA_EC_TP_CF_TS","PS_PA_ET_EA_EC_TP_TS_CF",FALSE
"37317_astD",1912,1881,1470.6,"PS_PA_ET_EA_EC_CF_TP_TS","PS_PA_EA_ET_EC_CF_TP_TS",FALSE
"37318_astB",1913,1882,1333.2,"PS_PA_EC_ET_CF_EA_TS_TP","PS_PA_EC_EA_ET_CF_TP_TS",FALSE
"37319_astE",1914,1883,995.4,"PS_PA_ET_EA_EC_CF_TP_TS","PS_PA_ET_EA_CF_EC_TP_TS",FALSE
"37320_spy",1915,1884,486.9,"PS_PA_ET_EA_TS_CF_EC_TP","PS_PA_EA_ET_CF_EC_TS_TP",FALSE
"37332_suhB",3117,3158,804,"PS_ET_PA_EA_CF_EC_TS_TP","PS_ET_EA_PA_EC_CF_TS_TP",FALSE
"37333_trmJ",3116,3157,733.5,"PA_PS_ET_EA_TP_EC_TS_CF","PS_PA_TP_ET_EC_EA_TS_CF",FALSE
"37334_iscR",3115,3156,496.8,"EA_ET_PS_PA_TP_TS_EC_CF","ET_EA_PS_PA_TP_CF_TS_EC",FALSE
"37335_iscS",3114,3155,1200.6,"EC_CF_TS_TP_PA_EA_ET_PS","CF_EC_TS_TP_PA_PS_EA_ET",FALSE
"37342_pepB",3107,3148,1288.5,"PS_PA_EA_ET_CF_EC_TP_TS","PS_PA_EA_ET_CF_EC_TP_TS",TRUE
"37344_sseA",3105,3146,848.7,"PS_PA_EC_ET_EA_CF_TS_TP","PA_PS_EC_ET_EA_CF_TS_TP",FALSE
"37345_ndk",3101,3143,432,"PS_PA_EA_ET_CF_TS_EC_TP","PS_PA_ET_EA_CF_TS_EC_TP",FALSE
"37346_rlmN",3100,3142,1169.7,"PS_PA_EA_ET_TP_EC_TS_CF","PS_PA_EA_TS_ET_EC_TP_CF",FALSE
"37349_ispG",3097,3139,1121.4,"PS_PA_EC_CF_ET_TP_EA_TS","PS_PA_EC_EA_ET_CF_TP_TS",FALSE
"37350_hisS",3096,3138,1274.4,"PS_PA_ET_EA_EC_TS_TP_CF","PS_EA_ET_PA_EC_TS_TP_CF",FALSE
"37351_hypothetical_protein",3095,3137,619.2,"PS_ET_EA_PA_TS_EC_TP_CF","ET_PS_PA_EA_TS_EC_CF_TP",FALSE
"37352_bamB_1",3094,3136,1181.4,"PS_PA_EA_ET_TP_CF_TS_EC","PS_PA_EA_ET_TP_TS_CF_EC",FALSE
"37353_der",3093,3135,1494.3,"PS_PA_EA_ET_CF_TP_TS_EC","PS_PA_TP_EA_TS_ET_EC_CF",FALSE
"37355_xseA",3085,3127,1376.1,"PS_ET_EA_PA_CF_EC_TS_TP","PS_EA_ET_PA_CF_EC_TS_TP",FALSE
"37356_guaB",3084,3126,1478.1,"PS_ET_EA_PA_EC_CF_TP_TS","PS_EA_PA_ET_EC_CF_TP_TS",FALSE
"37380_tehB",3077,3117,613.5,"PS_PA_TS_EC_CF_TP_EA_ET","PS_PA_TS_EC_CF_TP_EA_ET",TRUE
"37381_ppx",3076,3116,1530,"PS_PA_ET_EA_EC_TP_CF_TS","PS_PA_ET_EA_EC_CF_TS_TP",FALSE
"37383_purN",3071,3110,640.8,"PS_PA_ET_EC_EA_CF_TP_TS","PS_PA_ET_EA_EC_CF_TP_TS",FALSE
"37384_purM",3070,3109,1039.8,"PS_PA_ET_EA_EC_CF_TS_TP","PA_PS_ET_EA_EC_TS_CF_TP",FALSE
"37385_upp",3069,3108,627,"PS_PA_ET_EA_EC_CF_TS_TP","PS_PA_EC_ET_EA_CF_TS_TP",FALSE
"37386_uraA",3068,3107,1284.3,"PS_PA_ET_EA_EC_CF_TS_TP","PS_PA_EA_EC_ET_CF_TS_TP",FALSE
"37389_bepA",3062,3101,1467.6,"PS_PA_ET_EA_EC_TP_TS_CF","PS_PA_ET_EA_EC_TP_TS_CF",TRUE
"37390_bcp",3057,3096,468,"PS_PA_EC_EA_ET_CF_TS_TP","PS_PA_EA_EC_CF_ET_TS_TP",FALSE
"37393_bamC",3054,3093,1032.6,"PS_PA_EA_ET_EC_CF_TP_TS","PS_ET_EA_PA_EC_CF_TP_TS",FALSE
"37394_purC",3053,3092,714,"PS_PA_EC_EA_ET_TP_CF_TS","PS_PA_EC_EA_ET_TP_CF_TS",TRUE
"37395_hypothetical_protein",3052,3091,867.3,"PS_PA_CF_TS_ET_EC_EA_TP","PS_PA_ET_EA_TS_EC_TP_CF",FALSE
"37396_tmcA",3051,3090,1975.8,"PA_PS_EA_ET_EC_CF_TP_TS","PS_PA_ET_EA_CF_EC_TP_TS",FALSE
"37398_hypothetical_protein",3049,3088,192,"PS_ET_PA_TP_EA_EC_CF_TS","PS_ET_PA_EA_TP_EC_CF_TS",FALSE
"37399_dapE_1",3048,3087,1128,"PS_PA_ET_EA_EC_TS_CF_TP","PS_PA_ET_EA_CF_EC_TS_TP",FALSE
"37400_yffB",3047,3086,375,"ET_EA_EC_PS_TS_PA_CF_TP","ET_EA_PS_PA_EC_TS_CF_TP",FALSE
"37401_ansP2",3043,3082,1477.8,"PS_PA_EC_EA_ET_CF_TS_TP","PS_PA_EC_EA_ET_TS_CF_TP",FALSE
"37410_cysP",3009,3057,1014.9,"PS_ET_PA_EA_EC_CF_TS_TP","PS_PA_ET_EA_CF_EC_TS_TP",FALSE
"37411_cysT",3008,3056,834.3,"ET_PS_EA_PA_CF_EC_TP_TS","ET_PS_EA_PA_CF_EC_TP_TS",TRUE
"37413_cysA",3006,3054,1090.2,"PS_PA_ET_EA_EC_CF_TP_TS","PS_PA_ET_EA_EC_CF_TP_TS",TRUE
"37425_crr",3000,3048,504.9,"PS_EA_ET_PA_CF_EC_TS_TP","PS_EA_ET_PA_CF_EC_TS_TP",TRUE
"37426_ptsI",2999,3047,1728,"PS_PA_ET_EA_CF_EC_TP_TS","PS_PA_ET_EA_EC_CF_TP_TS",FALSE
"37427_ptsH",2998,3046,258,"EA_PS_EC_ET_CF_PA_TP_TS","EA_ET_PS_EC_CF_PA_TP_TS",FALSE
"37428_cysK",2997,3045,970.8,"PS_PA_EC_CF_ET_EA_TP_TS","PS_PA_EC_CF_ET_EA_TP_TS",TRUE
"37436_hypothetical_protein",2992,3040,1011.3,"PS_PA_ET_EA_TS_TP_EC_CF","PS_PA_ET_EA_TP_TS_EC_CF",FALSE
"37437_cynR_1",2991,3039,924,"PS_ET_EA_PA_EC_CF_TS_TP","ET_PA_PS_EA_EC_TP_CF_TS",FALSE
"37438_gltX",2985,3032,1414.8,"PS_ET_PA_CF_EA_EC_TS_TP","PS_ET_PA_CF_EA_EC_TS_TP",TRUE
"37442_mntH",2979,3026,1241.1,"PS_PA_EA_ET_CF_EC_TP_TS","PS_EA_ET_PA_EC_CF_TP_TS",FALSE
"37443_glk",2975,3022,965.4,"PS_PA_EA_ET_CF_EC_TP_TS","PS_PA_ET_EA_EC_CF_TP_TS",FALSE
"37452_cho",1917,1886,865.5,"PS_PA_EC_ET_CF_EA_TP_TS","PS_PA_ET_EC_EA_CF_TP_TS",FALSE
"37467_engB",4042,4154,630,"PS_ET_PA_EC_TP_CF_TS_EA","PS_ET_EC_PA_EA_TS_TP_CF",FALSE
"37469_yihI",4041,4153,519,"PA_ET_EA_PS_CF_EC_TP_TS","ET_EA_PS_PA_EC_CF_TS_TP",FALSE
"37470_hemN_2",4040,4152,1374,"EC_CF_PS_PA_EA_TP_ET_TS","PS_EC_CF_PA_ET_EA_TS_TP",FALSE
"37471_glnG",4038,4150,1410.3,"PS_EA_PA_ET_EC_CF_TP_TS","PS_EA_PA_ET_EC_CF_TP_TS",TRUE
"37473_glnA",4036,4148,1410,"PS_PA_ET_EA_TP_EC_TS_CF","PS_PA_ET_EA_TP_TS_EC_CF",FALSE
"37474_typA",4034,4146,1823.7,"PS_PA_EC_CF_TS_TP_EA_ET","PS_PA_EC_CF_TS_TP_EA_ET",TRUE
"37475_yihX",4033,4145,600.9,"EA_PS_ET_PA_EC_CF_TS_TP","EA_PS_ET_PA_EC_CF_TS_TP",TRUE
"37477_dtd",4031,4143,438,"PS_PA_TP_EA_EC_CF_ET_TS","PS_PA_TP_CF_TS_EC_ET_EA",FALSE
"37479_hypothetical_protein",4029,4141,1677.6,"PS_ET_EA_PA_EC_CF_TS_TP","PS_ET_EC_PA_EA_CF_TP_TS",FALSE
"37482_trmH",4026,4138,685.2,"EA_ET_PS_EC_PA_CF_TP_TS","EA_ET_PS_PA_CF_EC_TP_TS",FALSE
"37483_spoT",4025,4137,2115.6,"PS_PA_EA_ET_EC_CF_TS_TP","PS_PA_ET_EA_CF_EC_TS_TP",FALSE
"37484_rpoZ",4024,4136,276,"PS_PA_ET_EA_CF_EC_TP_TS","PS_PA_ET_EA_CF_TP_TS_EC",FALSE
"37487_pstC",43,15,962.4,"PS_PA_ET_EA_EC_CF_TP_TS","PS_PA_EA_ET_EC_CF_TP_TS",FALSE
"37488_pstA",44,16,888.3,"PS_ET_PA_EA_EC_CF_TP_TS","PS_ET_PA_EA_CF_EC_TP_TS",FALSE
"37489_pstB",45,17,773.4,"PS_EA_PA_ET_EC_CF_TS_TP","PS_EA_ET_PA_EC_CF_TS_TP",FALSE
"37490_phoU",46,18,732.3,"PS_PA_EA_ET_EC_CF_TP_TS","PS_ET_PA_EA_EC_CF_TP_TS",FALSE
"37505_ybcJ",1197,1210,213,"EC_ET_PS_TP_CF_TS_EA_PA","EC_ET_PS_TP_CF_EA_TS_PA",FALSE
"37506_cysS",1194,1207,1386.3,"PA_PS_ET_EA_CF_EC_TP_TS","ET_PS_EA_PA_CF_EC_TP_TS",FALSE
"37509_purE",1191,1204,505.8,"PS_ET_EA_PA_TP_EC_CF_TS","PS_ET_PA_EA_EC_TP_CF_TS",FALSE
"37510_purK",1190,1203,1057.8,"PS_EA_PA_ET_EC_CF_TS_TP","PS_ET_EA_PA_CF_EC_TS_TP",FALSE
"37513_cueR",1173,1195,412.5,"EC_PS_CF_EA_PA_ET_TS_TP","EC_PA_PS_CF_ET_EA_TP_TS",FALSE
"37515_hypothetical_protein",1171,1192,802.5,"EA_PS_ET_PA_EC_TS_CF_TP","EA_PS_ET_PA_TS_EC_CF_TP",FALSE
"37516_ybaK",1170,1191,480.6,"PS_PA_TP_EA_EC_TS_CF_ET","PS_PA_TP_EA_TS_ET_CF_EC",FALSE
"37517_gsk",1165,1186,1303.8,"PS_ET_PA_EC_EA_CF_TS_TP","PS_PA_EC_EA_ET_CF_TS_TP",FALSE
"37518_hemH",1164,1185,954.9,"PS_PA_ET_EA_TP_TS_EC_CF","PS_PA_ET_EA_TP_TS_EC_CF",TRUE
"37519_adk",1163,1184,650.7,"PA_PS_EC_ET_CF_EA_TS_TP","PA_PS_CF_EC_TP_ET_EA_TS",FALSE
"37520_htpG",1162,1183,1873.8,"PS_PA_ET_EC_EA_CF_TS_TP","PS_PA_ET_EC_EA_CF_TS_TP",TRUE
"37521_recR",1161,1182,600,"PS_EC_CF_PA_ET_EA_TP_TS","PS_EC_CF_PA_ET_EA_TP_TS",TRUE
"37522_ybaB",1160,1181,330.6,"CF_PA_PS_EC_ET_TS_TP_EA","CF_PS_PA_ET_EC_TS_TP_EA",FALSE
"37523_dnaX",1159,1180,1961.4,"PS_PA_EC_EA_ET_CF_TP_TS","PS_PA_EA_EC_ET_CF_TP_TS",FALSE
"37524_apt",1158,1179,552,"PS_PA_ET_EA_EC_TS_CF_TP","PS_ET_EA_PA_EC_TS_CF_TP",FALSE
"37527_acrR",1154,1175,643.8,"EA_PA_ET_PS_EC_CF_TP_TS","EA_ET_PS_PA_EC_CF_TP_TS",FALSE
"37528_acrA",1153,1174,1192.2,"PS_ET_PA_EA_EC_TS_CF_TP","PS_ET_PA_EA_EC_CF_TS_TP",FALSE
"37531_mntA",1020,1035,885.3,"PS_ET_EC_PA_TS_TP_EA_CF","PS_PA_ET_EC_TS_TP_EA_CF",FALSE
"37534_tomB",1148,1169,381.3,"PS_ET_PA_EA_CF_EC_TP_TS","PS_PA_ET_EA_EC_CF_TP_TS",FALSE
"37539_glnK",1143,1163,339,"PS_EA_ET_CF_EC_PA_TS_TP","PS_PA_ET_EA_TS_CF_EC_TP",FALSE
"37542_decR_1",1140,1160,463.8,"PS_PA_TP_ET_EA_TS_CF_EC","PS_PA_ET_EA_TP_TS_CF_EC",FALSE
"37544_queC",1138,1158,696,"PA_PS_EC_CF_TP_EA_TS_ET","PS_EC_PA_TP_TS_CF_ET_EA",FALSE
"37546_ppiD",1135,1155,1870.5,"PS_PA_EC_EA_ET_CF_TS_TP","PS_PA_EC_EA_ET_CF_TS_TP",TRUE
"37551_tig",1130,1148,1304.1,"PS_CF_PA_EC_EA_ET_TS_TP","PS_CF_PA_EC_EA_ET_TS_TP",TRUE
"37552_bolA",1129,1147,315.3,"PS_PA_TP_ET_EA_CF_EC_TS","PS_PA_EA_TP_ET_EC_CF_TS",FALSE
"37553_hypothetical_protein",1128,1146,579,"PS_PA_EA_ET_TS_EC_TP_CF","PS_PA_EA_ET_EC_TS_TP_CF",FALSE
"37556_cyoB",1125,1143,1986.6,"PS_EA_ET_PA_EC_CF_TP_TS","PS_PA_ET_EA_EC_CF_TP_TS",FALSE
"37557_cyoC",1124,1142,615.3,"PS_PA_EA_ET_TP_TS_EC_CF","PS_PA_EA_ET_TP_TS_EC_CF",TRUE
"37558_cyoD",1123,1141,330.9,"PA_ET_EA_PS_TS_TP_EC_CF","PA_ET_EA_TS_PS_TP_EC_CF",FALSE
"37559_cyoE",1122,1140,888.9,"PS_PA_ET_EA_TS_EC_TP_CF","PS_PA_ET_EA_TS_EC_TP_CF",TRUE
"37560_yajR",1121,1139,1366.5,"PS_PA_ET_EA_EC_TS_TP_CF","PS_PA_ET_EC_EA_TS_CF_TP",FALSE
"37561_hypothetical_protein",1120,1138,495.3,"PS_ET_EA_PA_TS_TP_EC_CF","PS_ET_EA_PA_TS_EC_TP_CF",FALSE
"37562_panE_1",1119,1137,919.2,"PS_PA_ET_EA_EC_CF_TP_TS","PS_PA_EA_ET_CF_EC_TS_TP",FALSE
"37563_yajL",1118,1136,596.7,"PS_PA_EC_ET_EA_CF_TS_TP","PS_PA_ET_EA_EC_CF_TS_TP",FALSE
"37593_hypothetical_protein",1812,1804,249,"PS_TS_PA_ET_EC_EA_CF_TP","PS_ET_TS_PA_EA_EC_CF_TP",FALSE
"37594_emtA",1808,1800,631.2,"PS_PA_TS_EA_TP_ET_EC_CF","PS_PA_ET_TP_EA_TS_EC_CF",FALSE
"37628_aaaT",331,319,500.1,"ET_EC_EA_CF_PA_PS_TS_TP","ET_EC_EA_CF_PA_PS_TP_TS",FALSE
"37708_nudJ",1689,1678,463.2,"PS_PA_TP_EA_EC_ET_TS_CF","PS_PA_TP_EC_CF_TS_ET_EA",FALSE
"37709_mnmA",1688,1677,1117.8,"PS_PA_EC_TP_ET_EA_TS_CF","PS_PA_EC_TP_ET_EA_TS_CF",TRUE
"37711_purB",1686,1675,1364.7,"PS_PA_EC_CF_ET_EA_TP_TS","PS_PA_CF_EC_TP_TS_ET_EA",FALSE
"37719_ydcV",1677,1668,796.8,"PS_EC_CF_TS_TP_PA_ET_EA","PS_EC_CF_TP_TS_PA_ET_EA",FALSE
"37720_potD",1676,1667,1064.1,"PS_EC_CF_TP_TS_PA_ET_EA","PS_EC_CF_TS_TP_PA_EA_ET",FALSE
"37744_rpoD",3538,3544,1843.2,"PS_EA_PA_EC_ET_CF_TS_TP","PS_EC_ET_EA_PA_CF_TP_TS",FALSE
"37746_rpsU",3536,3542,216,"PA_PS_CF_EA_TS_ET_EC_TP","PS_PA_CF_TS_EA_ET_TP_EC",FALSE
"37747_tsaD",3535,3541,1015.8,"PS_PA_ET_EA_EC_CF_TP_TS","PS_EA_PA_EC_ET_CF_TP_TS",FALSE
"37749_folB",3532,3538,362.4,"ET_EA_PS_EC_PA_TS_CF_TP","EA_ET_PS_PA_EC_CF_TS_TP",FALSE
"37763_gpr",2977,3024,995.4,"PS_PA_EA_ET_EC_CF_TS_TP","PS_PA_EA_EC_CF_ET_TS_TP",FALSE
"37781_hypothetical_protein",3806,3917,1627.2,"PS_PA_ET_EA_CF_EC_TP_TS","PS_PA_ET_EA_CF_EC_TP_TS",TRUE
"37785_pgi",3801,3913,1647,"PS_PA_EC_CF_ET_EA_TP_TS","PS_PA_EC_ET_CF_EA_TP_TS",FALSE
"37786_psiE",3800,3908,412.8,"PS_PA_ET_EA_TS_TP_EC_CF","PS_PA_TS_TP_ET_EA_EC_CF",FALSE
"37787_ubiC",3793,3900,518.4,"PS_PA_EA_ET_EC_CF_TS_TP","PS_ET_EA_PA_EC_CF_TS_TP",FALSE
"37788_ubiA",3792,3899,882.9,"PS_EA_ET_PA_EC_CF_TP_TS","PS_EA_PA_ET_EC_CF_TP_TS",FALSE
"37790_dgkA",3790,3897,369,"PS_PA_ET_EA_TS_CF_TP_EC","PS_PA_ET_EA_CF_TS_EC_TP",FALSE
"37791_lexA_1",3789,3896,611.4,"PS_PA_EA_EC_TP_TS_CF_ET","PS_EA_PA_ET_TP_CF_EC_TS",FALSE
"37793_zur",3786,3893,516.6,"ET_PS_EA_EC_CF_PA_TP_TS","ET_CF_PS_EC_EA_PA_TP_TS",FALSE
"37796_qorA",3781,3889,983.4,"PS_EA_ET_EC_PA_CF_TP_TS","PS_EA_ET_EC_CF_PA_TP_TS",FALSE
"37800_tyrB",3777,3885,1195.5,"PS_PA_ET_EC_CF_EA_TS_TP","PS_PA_ET_CF_EA_EC_TS_TP",FALSE
"37806_ssb_1",3772,3880,545.7,"PS_PA_TS_CF_EC_ET_TP_EA","PS_TS_CF_PA_EC_ET_EA_TP",FALSE
"37815_cynR_3",3745,3853,899.4,"PS_PA_ET_EA_TP_CF_TS_EC","PS_PA_EA_ET_TP_TS_CF_EC",FALSE
"37816_cidA",3744,3852,423.9,"EA_PS_ET_PA_EC_TP_CF_TS","ET_EA_PA_PS_EC_TP_TS_CF",FALSE
"37817_yohK",3743,3851,699.6,"PS_PA_EA_ET_TP_EC_CF_TS","PS_PA_EA_ET_EC_TP_CF_TS",FALSE
"37818_hypothetical_protein",2689,2634,544.5,"PS_PA_ET_EA_TP_TS_CF_EC","PS_PA_EA_ET_TP_TS_EC_CF",FALSE
"37819_acs",3740,3848,1957.5,"PS_PA_CF_ET_EA_EC_TP_TS","PS_PA_ET_EC_CF_EA_TP_TS",FALSE
"37820_gltP",3739,3847,1305,"PS_PA_ET_EA_EC_CF_TS_TP","PS_PA_ET_EA_EC_CF_TS_TP",TRUE
"37821_murQ",3738,3846,909.3,"PS_PA_TP_TS_EC_ET_EA_CF","PS_PA_TP_TS_ET_EC_EA_CF",FALSE
"37824_sbmA",3732,3843,1233,"PA_PS_EA_TS_ET_TP_EC_CF","PS_PA_ET_TS_EA_TP_EC_CF",FALSE
"37829_tsx",3721,3835,866.4,"PA_PS_EA_ET_CF_EC_TS_TP","PS_PA_EA_ET_CF_EC_TS_TP",FALSE
"37840_frmA",2789,2750,1121.4,"PS_PA_ET_EA_EC_CF_TP_TS","PS_PA_EA_ET_EC_CF_TP_TS",FALSE
"37857_dsbD",3696,3712,1731,"PS_PA_ET_EA_TP_EC_CF_TS","PS_PA_EA_ET_EC_CF_TP_TS",FALSE
"37866_epmB",3684,3700,1020,"PS_ET_EA_PA_EC_TP_TS_CF","ET_EA_PS_PA_EC_TP_TS_CF",FALSE
"37867_efp",3683,3699,567,"CF_ET_EC_EA_TS_TP_PA_PS","CF_EA_EC_ET_TS_TP_PA_PS",FALSE
"37869_epmA",3674,3690,978,"PS_PA_ET_EA_EC_CF_TP_TS","PS_PA_ET_EC_EA_CF_TP_TS",FALSE
"37870_mscM",3673,3689,3329.7,"PS_PA_EA_ET_EC_CF_TP_TS","PS_PA_EA_ET_EC_CF_TP_TS",TRUE
"37871_psd",3672,3688,912.9,"PS_PA_ET_EA_EC_CF_TS_TP","PS_ET_EA_PA_CF_EC_TP_TS",FALSE
"37872_rsgA",3671,3687,1059,"PS_ET_EA_PA_CF_EC_TP_TS","ET_PS_EA_PA_EC_CF_TP_TS",FALSE
"37873_orn",3670,3686,550.8,"PS_PA_ET_EA_EC_CF_TP_TS","EA_PA_PS_ET_EC_CF_TP_TS",FALSE
"37876_tsaE",3663,3679,472.5,"PS_PA_EA_TP_ET_TS_CF_EC","PS_PA_TP_EA_ET_TS_CF_EC",FALSE
"37885_purA",3653,3669,1311,"PS_EA_ET_PA_EC_TS_CF_TP","PS_EA_ET_PA_EC_TS_TP_CF",FALSE
"37888_rlmB",3650,3666,735.3,"PS_EC_PA_TP_ET_TS_CF_EA","PS_PA_EC_TP_CF_ET_EA_TS",FALSE
"37891_rpsF",3645,3661,396,"PS_CF_EC_PA_ET_EA_TS_TP","PS_CF_EC_PA_ET_EA_TS_TP",TRUE
"37893_rpsR",3643,3659,228,"PS_ET_TS_TP_EC_CF_EA_PA","PS_ET_TS_TP_EC_CF_EA_PA",TRUE
"37894_rplI",3642,3658,450.6,"PS_EA_PA_ET_CF_EC_TS_TP","PS_PA_EA_EC_ET_CF_TS_TP",FALSE
"37896_fklB",3640,3656,625.8,"PS_PA_EC_EA_TS_ET_TP_CF","PS_ET_EC_PA_TP_EA_TS_CF",FALSE
"37897_cysQ",3637,3653,741.9,"PS_PA_EA_EC_ET_CF_TS_TP","PA_PS_EA_ET_EC_CF_TS_TP",FALSE
"37898_hypothetical_protein",3635,3651,207,"EA_ET_PS_PA_CF_EC_TS_TP","EA_ET_PS_PA_CF_TP_EC_TS",FALSE
"37899_hypothetical_protein",3634,3650,1328.4,"PS_PA_ET_EA_TS_EC_CF_TP","PS_PA_ET_EA_TS_EC_CF_TP",TRUE
"37902_ytfP",3630,3647,350.7,"PS_PA_TP_EA_EC_CF_TS_ET","PS_PA_TP_EA_EC_CF_TS_ET",TRUE
"37903_ppa",3629,3646,530.7,"PA_PS_EC_TS_CF_EA_ET_TP","PA_PS_TS_EC_CF_EA_ET_TP",FALSE
"37904_fbp",3627,3644,1003.2,"PS_EC_EA_PA_TS_CF_ET_TP","PS_EA_PA_EC_ET_TS_CF_TP",FALSE
"37906_hypothetical_protein",3625,3642,546,"PS_ET_PA_EA_EC_TS_CF_TP","PS_ET_EA_PA_EC_CF_TP_TS",FALSE
"37907_pmbA",3624,3641,1343.4,"PS_PA_ET_EC_EA_CF_TP_TS","PS_PA_ET_EC_EA_CF_TS_TP",FALSE
"37917_folK",894,902,481.5,"ET_EA_PS_PA_TP_CF_EC_TS","ET_EA_PS_PA_TP_EC_TS_CF",FALSE
"37918_pcnB",895,903,1363.8,"PS_PA_ET_EC_EA_CF_TP_TS","PS_ET_PA_EA_EC_CF_TP_TS",FALSE
"37920_dksA",897,905,455.4,"ET_EA_CF_EC_PS_TP_TS_PA","ET_CF_EC_EA_PS_TP_TS_PA",FALSE
"37923_hypothetical_protein",900,908,2451.6,"PS_PA_ET_EA_EC_CF_TP_TS","PS_PA_ET_EA_EC_CF_TP_TS",TRUE
"37924_mrcB",901,909,2525.4,"PS_EA_PA_ET_EC_TP_CF_TS","PS_EA_ET_PA_EC_CF_TS_TP",FALSE
"37927_erpA",909,917,346.8,"PS_PA_EA_ET_EC_CF_TP_TS","PS_ET_PA_EA_EC_CF_TS_TP",FALSE
"37928_mtnN",912,920,699.3,"PS_ET_PA_EA_TS_EC_TP_CF","PS_PA_ET_EA_EC_TP_TS_CF",FALSE
"37929_dgt",913,921,1500,"PS_PA_TP_TS_ET_EA_EC_CF","PS_PA_TP_TS_ET_EC_CF_EA",FALSE
"37931_hypothetical_protein",916,924,390.9,"PS_ET_EA_CF_PA_EC_TP_TS","EA_PS_CF_ET_PA_EC_TP_TS",FALSE
"37932_dapD",917,925,826.8,"PA_PS_ET_CF_EC_TS_EA_TP","PS_PA_ET_CF_EC_EA_TS_TP",FALSE
"37934_map",919,927,795,"PS_EA_PA_ET_EC_CF_TS_TP","PS_PA_EA_EC_TS_ET_CF_TP",FALSE
"37935_rpsB",920,928,726,"PS_PA_CF_EC_ET_TS_EA_TP","PS_PA_CF_EC_EA_TS_ET_TP",FALSE
"37936_tsf",921,929,852,"TS_TP_PS_PA_ET_EC_CF_EA","TS_TP_PS_ET_EC_PA_CF_EA",FALSE
"37937_pyrH",922,930,726,"PS_PA_ET_EA_EC_CF_TS_TP","PS_PA_EA_ET_EC_TS_CF_TP",FALSE
"37939_dxr",924,932,1202.1,"PS_ET_PA_EA_EC_TS_TP_CF","PS_ET_PA_EA_EC_TS_TP_CF",TRUE
"37940_uppS",925,933,742.8,"ET_EA_PS_PA_EC_CF_TP_TS","ET_EA_PS_PA_EC_CF_TP_TS",TRUE
"37943_bamA",928,936,2418,"PS_EA_PA_ET_EC_CF_TS_TP","PS_PA_EA_ET_EC_CF_TS_TP",FALSE
"37944_skp",929,937,497.1,"PS_PA_ET_EA_TS_TP_EC_CF","PA_PS_ET_EA_TS_TP_EC_CF",FALSE
"37945_lpxD",930,938,1015.2,"PS_EA_ET_PA_TS_TP_CF_EC","PS_PA_EA_ET_CF_TP_TS_EC",FALSE
"37946_fabZ",931,939,456,"PS_PA_EA_ET_EC_CF_TP_TS","EA_PS_PA_ET_EC_CF_TS_TP",FALSE
"37947_lpxA",932,940,789,"PS_PA_EA_ET_CF_TP_EC_TS","PS_PA_EA_ET_CF_EC_TP_TS",FALSE
"37948_lpxB",933,941,1147.8,"EA_ET_PS_PA_EC_TP_CF_TS","EA_ET_PS_EC_PA_CF_TS_TP",FALSE
"37949_rnhB",934,942,618.6,"PS_PA_ET_EA_EC_CF_TP_TS","PS_PA_ET_EA_EC_CF_TP_TS",TRUE
"37951_accA",937,944,959.4,"PS_ET_EA_PA_EC_CF_TS_TP","PS_ET_EA_PA_CF_EC_TS_TP",FALSE
"37952_cetB",939,946,391.5,"PS_EC_EA_CF_ET_PA_TS_TP","PS_EC_EA_PA_ET_CF_TS_TP",FALSE
"37954_rof",942,949,262.2,"PS_PA_ET_CF_EC_TS_EA_TP","PS_PA_ET_CF_TS_EA_EC_TP",FALSE
"37956_arfB",943,950,416.4,"PS_PA_ET_EA_EC_CF_TS_TP","PS_EA_ET_PA_CF_EC_TS_TP",FALSE
"37958_proS_2",944,951,1719.6,"PS_ET_PA_EA_CF_EC_TS_TP","PS_PA_ET_EA_CF_EC_TS_TP",FALSE
"37960_rcsF",946,953,402.9,"PA_ET_PS_EA_TP_TS_CF_EC","PS_EA_ET_PA_TP_CF_EC_TS",FALSE
"37961_metQ",947,954,816.6,"PS_PA_EA_ET_CF_EC_TS_TP","PS_PA_EC_CF_ET_EA_TS_TP",FALSE
"37962_metI_1",948,955,654,"PS_PA_EA_ET_EC_TS_CF_TP","PS_PA_EC_EA_CF_ET_TS_TP",FALSE
"37964_gmhB",950,957,563.1,"PS_EA_PA_ET_EC_CF_TS_TP","PS_EA_PA_ET_EC_TS_CF_TP",FALSE
"37974_crcB",240,218,378.3,"PS_PA_TS_ET_TP_EA_EC_CF","PS_PA_TS_TP_EA_ET_EC_CF",FALSE
"37975_mntP",2376,2349,572.4,"PS_EC_CF_PA_ET_EA_TP_TS","EC_EA_PS_CF_ET_PA_TP_TS",FALSE
"37976_hypothetical_protein",231,203,244.8,"PA_ET_PS_EA_EC_CF_TP_TS","PA_EA_ET_PS_EC_TP_CF_TS",FALSE
"37980_yhjD",219,191,1021.2,"PS_PA_ET_EA_EC_TS_TP_CF","PS_ET_PA_EA_TP_TS_EC_CF",FALSE
"37983_ilvC",3917,4030,1477.2,"PS_EA_PA_EC_CF_ET_TS_TP","PS_PA_EA_EC_CF_ET_TS_TP",FALSE
"37984_gltC_2",3918,4031,885,"PS_PA_ET_EA_CF_EC_TS_TP","PS_PA_ET_EA_CF_EC_TP_TS",FALSE
"37985_ilvA",3919,4032,1547.1,"PS_PA_EA_ET_TP_EC_CF_TS","PS_PA_ET_EA_EC_TP_CF_TS",FALSE
"37986_ilvD",3920,4033,1851,"PS_EA_ET_PA_TS_EC_CF_TP","PS_EA_PA_ET_EC_TS_CF_TP",FALSE
"37987_ilvE_1",3921,4034,929.7,"PS_PA_ET_EA_EC_TS_CF_TP","PS_PA_ET_EA_EC_TS_CF_TP",TRUE
"37989_ilvG",3923,4036,1647,"PS_ET_EA_PA_EC_CF_TS_TP","PS_EA_ET_PA_EC_CF_TP_TS",FALSE
"37990_comM",3924,4037,1519.2,"PS_ET_EA_PA_EC_CF_TP_TS","PS_ET_PA_EA_EC_CF_TP_TS",FALSE
"37991_hypothetical_protein",3925,4038,339,"PA_PS_EA_ET_TS_EC_CF_TP","PA_PS_ET_EA_EC_TS_TP_CF",FALSE
"37993_ychF_1",1872,1841,1092.3,"PS_PA_EC_ET_TP_EA_CF_TS","PS_PA_EC_ET_EA_TP_CF_TS",FALSE
"37994_pth",1874,1843,587.4,"PS_PA_ET_EA_TS_EC_TP_CF","PS_PA_ET_EA_TS_TP_EC_CF",FALSE
"37996_hsrA_1",9,4163,1406.7,"PS_PA_ET_EA_EC_CF_TP_TS","PS_PA_ET_EA_EC_CF_TP_TS",TRUE
"37998_ravA",24,4179,1498.2,"PS_PA_ET_EA_EC_CF_TP_TS","PS_PA_EA_ET_EC_TP_CF_TS",FALSE
"37999_viaA",25,4180,1459.2,"PS_PA_ET_EA_EC_CF_TP_TS","PS_ET_EA_PA_EC_CF_TP_TS",FALSE
"38000_asnC",26,4181,461.4,"PS_PA_EA_ET_TP_TS_EC_CF","PS_PA_ET_EA_TS_TP_EC_CF",FALSE
"38003_rsmG",29,2,621.6,"PS_CF_PA_EC_ET_EA_TS_TP","PS_PA_ET_EA_EC_CF_TS_TP",FALSE
"38004_atpI",30,3,381.6,"PS_PA_ET_EA_TS_TP_EC_CF","PS_PA_ET_EA_TP_TS_EC_CF",FALSE
"38005_atpB",31,4,818.4,"PS_ET_PA_EA_TS_TP_CF_EC","PA_PS_ET_EA_TS_TP_CF_EC",FALSE
"38006_atpE",32,5,241.2,"EA_ET_PS_CF_PA_EC_TS_TP","EA_ET_PS_CF_PA_EC_TS_TP",TRUE
"38007_atpF",33,6,471,"PS_EA_ET_CF_PA_EC_TP_TS","PS_EA_ET_CF_PA_EC_TP_TS",TRUE
"38008_atpH",34,7,534,"PA_ET_EA_PS_CF_EC_TS_TP","PA_PS_ET_EA_CF_EC_TS_TP",FALSE
"38009_atpA",35,8,1542,"PS_ET_EA_PA_EC_CF_TP_TS","PS_EA_ET_EC_PA_CF_TS_TP",FALSE
"38010_atpG",36,9,870.3,"PS_TS_PA_EA_ET_TP_CF_EC","PS_TS_PA_EA_ET_TP_CF_EC",TRUE
"38012_atpC",38,11,420,"PS_PA_ET_EA_TS_CF_TP_EC","PA_PS_ET_EA_TS_TP_CF_EC",FALSE
"38013_glmU",39,12,1371,"PS_PA_ET_EC_EA_CF_TP_TS","PS_PA_ET_EC_EA_CF_TP_TS",TRUE
"38033_dctA",206,183,1276.5,"PS_PA_EA_EC_ET_CF_TP_TS","PS_PA_EA_EC_ET_CF_TP_TS",TRUE
"38045_nudK",3209,3232,594,"PA_EC_PS_TP_TS_ET_EA_CF","EC_PA_PS_TP_TS_ET_EA_CF",FALSE
"38059_ygiC",3520,3526,1161,"PS_PA_ET_EA_CF_EC_TS_TP","PS_PA_EA_ET_EC_CF_TS_TP",FALSE
"38060_hypothetical_protein",3519,3525,664.8,"PS_ET_EA_CF_EC_PA_TP_TS","PS_EC_ET_EA_CF_PA_TP_TS",FALSE
"38061_tolC",3518,3524,1472.4,"PS_PA_EA_ET_EC_TP_TS_CF","PS_PA_EA_EC_ET_TP_CF_TS",FALSE
"38062_nudF",3517,3523,636,"PS_PA_EC_ET_CF_EA_TS_TP","PS_PA_ET_EC_EA_CF_TS_TP",FALSE
"38063_hypothetical_protein",3516,3522,424.8,"PS_EA_PA_ET_EC_CF_TS_TP","PS_PA_EA_ET_EC_CF_TS_TP",FALSE
"38064_cpdA_1",3515,3521,823.2,"PS_ET_EA_CF_PA_EC_TS_TP","PS_ET_EA_PA_CF_EC_TP_TS",FALSE
"38070_parC",3510,3516,2273.7,"PS_PA_EC_ET_EA_CF_TS_TP","PS_PA_EC_ET_EA_CF_TS_TP",TRUE
"38071_plsC",3509,3515,737.7,"PA_PS_ET_EA_EC_CF_TP_TS","PA_PS_ET_EC_EA_CF_TP_TS",FALSE
"38076_exbB",3500,3506,736.8,"PS_PA_EA_EC_ET_TP_CF_TS","PS_EC_PA_EA_ET_CF_TP_TS",FALSE
"38077_exbD",3499,3505,423.9,"PA_PS_ET_EA_EC_CF_TS_TP","PS_PA_ET_EA_EC_CF_TS_TP",FALSE
"38086_prfC",748,759,1611.3,"PS_PA_ET_EC_CF_EA_TP_TS","PS_PA_ET_EC_CF_EA_TS_TP",FALSE
"38087_osmY_1",749,760,609.6,"PA_PS_EA_ET_EC_CF_TP_TS","PA_EA_PS_ET_EC_CF_TP_TS",FALSE
"38089_yjjV",753,764,783.3,"PS_PA_ET_EA_EC_CF_TP_TS","PS_PA_ET_EA_CF_EC_TP_TS",FALSE
"38090_deoC",754,765,780.3,"PS_ET_PA_EC_CF_EA_TP_TS","PS_ET_EC_CF_EA_PA_TS_TP",FALSE
"38091_deoA",755,766,1332.3,"PS_EA_ET_PA_EC_CF_TP_TS","PS_PA_EA_ET_EC_CF_TP_TS",FALSE
"38092_deoB",756,767,1224,"PS_ET_PA_EC_EA_CF_TS_TP","PS_PA_ET_EA_EC_CF_TP_TS",FALSE
"38093_deoD",757,768,719.1,"PS_ET_EC_PA_EA_CF_TS_TP","PS_ET_PA_EA_EC_CF_TP_TS",FALSE
"38119_acuI",484,475,984.3,"EA_ET_CF_EC_PS_PA_TS_TP","EA_ET_EC_CF_PS_PA_TS_TP",FALSE
"38121_mltC",3454,3446,1083.9,"PS_PA_ET_EA_TS_TP_EC_CF","PS_PA_ET_EA_TS_TP_EC_CF",TRUE
"38122_yggX",3453,3445,272.7,"PS_PA_EC_EA_CF_ET_TP_TS","PS_PA_EA_EC_ET_CF_TP_TS",FALSE
"38124_trmB",3451,3443,720,"PS_PA_ET_EA_EC_CF_TP_TS","PS_PA_ET_EA_EC_CF_TP_TS",TRUE
"38125_hypothetical_protein",3450,3442,330.3,"PA_ET_PS_EA_TS_CF_EC_TP","PA_ET_PS_TP_EA_CF_TS_EC",FALSE
"38126_hypothetical_protein",3449,3441,717.6,"PS_PA_ET_EA_EC_TS_CF_TP","PS_PA_ET_EA_EC_TS_CF_TP",TRUE
"38128_rdgB",3446,3437,594.3,"PS_EA_PA_ET_TS_EC_CF_TP","PS_PA_EA_ET_CF_EC_TS_TP",FALSE
"38129_hypothetical_protein",3445,3436,553.8,"ET_EA_PS_PA_TS_TP_EC_CF","ET_EA_PS_PA_TP_TS_EC_CF",FALSE
"38130_yggS",3444,3435,708.9,"PS_PA_EA_ET_EC_TS_TP_CF","PS_PA_EA_ET_EC_TS_TP_CF",TRUE
"38132_yqgF",3442,3433,420.6,"PS_ET_EA_TS_EC_TP_CF_PA","PS_ET_EC_EA_TS_TP_PA_CF",FALSE
"38134_gshB",3440,3431,946.2,"PS_PA_ET_EA_EC_CF_TS_TP","PS_PA_ET_EC_EA_CF_TS_TP",FALSE
"38138_metK",3435,3425,1153.2,"PS_PA_EC_ET_EA_CF_TP_TS","PS_PA_EC_ET_EA_CF_TP_TS",TRUE
"38139_speA",3434,3424,1977,"PS_PA_ET_EA_EC_TS_CF_TP","PS_PA_ET_EA_EC_TS_CF_TP",TRUE
"38140_speB",3433,3423,924.9,"PS_ET_PA_EA_TS_EC_CF_TP","PS_PA_ET_EA_TS_CF_TP_EC",FALSE
"38143_epd",3415,3419,1026.6,"PS_PA_EA_ET_EC_CF_TP_TS","PS_PA_ET_EA_EC_CF_TP_TS",FALSE
"38144_pgk",3414,3418,1164,"PS_PA_EA_ET_TP_TS_EC_CF","PS_PA_EA_ET_TP_TS_EC_CF",TRUE
"38145_fbaA",3413,3417,1080,"PS_EC_CF_ET_EA_PA_TP_TS","PS_EC_PA_ET_EA_CF_TS_TP",FALSE
"38146_mscS",3412,3416,872.7,"PS_PA_EC_CF_ET_EA_TS_TP","PS_PA_EA_ET_CF_EC_TS_TP",FALSE
"38147_argO",3411,3415,626.7,"PS_EA_PA_EC_ET_CF_TS_TP","PS_EA_PA_ET_CF_EC_TS_TP",FALSE
"38149_argP_1",3409,3413,906,"PS_ET_PA_EA_EC_CF_TS_TP","PS_PA_ET_EA_CF_EC_TS_TP",FALSE
"38151_serA",3407,3411,1237.8,"PS_EA_ET_EC_PA_CF_TP_TS","PS_EA_ET_EC_PA_CF_TP_TS",TRUE
"38153_zapA",3405,3409,330,"PS_PA_EA_ET_CF_EC_TP_TS","PS_PA_EA_ET_EC_CF_TP_TS",FALSE
"38155_pepP",3403,3407,1323.3,"PS_PA_ET_EA_CF_TP_EC_TS","PS_PA_ET_TP_EC_CF_TS_EA",FALSE
"38156_ubiH",3402,3406,1168.2,"PS_EA_ET_PA_CF_EC_TP_TS","EA_PS_ET_PA_CF_EC_TP_TS",FALSE
"38157_ubiI",3401,3405,1203.6,"PS_PA_ET_EA_EC_TS_CF_TP","PS_PA_ET_EA_CF_EC_TS_TP",FALSE
"38158_pncA",2267,2287,627,"PA_PS_ET_EA_EC_CF_TP_TS","PS_ET_PA_EC_EA_CF_TP_TS",FALSE
"38166_gcvH",3399,3403,387,"PS_ET_EA_PA_EC_TP_TS_CF","PS_ET_PA_EA_TP_EC_TS_CF",FALSE
"38169_hypothetical_protein",3394,3399,658.5,"PS_PA_EC_TS_CF_EA_TP_ET","PS_PA_EA_CF_ET_EC_TP_TS",FALSE
"38170_ygfZ",3393,3398,974.4,"PS_PA_ET_EA_EC_CF_TP_TS","PS_ET_EA_PA_EC_CF_TP_TS",FALSE
"38173_fldB",3390,3395,519.6,"PS_PA_EA_ET_EC_TP_TS_CF","PS_EA_PA_ET_TP_EC_CF_TS",FALSE
"38175_dsbC",3388,3393,708,"PS_PA_ET_EA_EC_TP_CF_TS","PS_PA_ET_EA_EC_CF_TP_TS",FALSE
"38197_rffH",2554,2517,873.9,"PS_PA_TP_ET_TS_EA_EC_CF","PS_PA_TP_ET_TS_EA_EC_CF",TRUE
"38206_lysA",3380,3385,1257.6,"PS_PA_EA_CF_ET_EC_TS_TP","PS_PA_ET_CF_EC_EA_TS_TP",FALSE
"38207_galR",3372,3378,1009.2,"PS_PA_EA_ET_EC_CF_TP_TS","PS_PA_ET_EA_EC_CF_TP_TS",FALSE
"38214_aas",3368,3375,2157.6,"PS_PA_EA_ET_EC_CF_TP_TS","PS_PA_ET_EA_EC_CF_TP_TS",FALSE
"38216_tas_1",3365,3373,1041,"PS_ET_PA_EA_TP_EC_TS_CF","PS_ET_PA_EA_TP_CF_EC_TS",FALSE
"38217_ygdR_1",3364,3372,219,"EA_ET_TP_CF_PS_EC_TS_PA","EA_ET_TP_CF_EC_PA_PS_TS",FALSE
"38219_mutH",3362,3370,681.3,"PS_PA_ET_EA_EC_CF_TS_TP","PS_PA_EA_ET_EC_CF_TP_TS",FALSE
"38221_ptsP",3360,3367,2253.3,"PS_PA_ET_EA_EC_CF_TS_TP","PS_PA_ET_EA_EC_CF_TP_TS",FALSE
"38223_thyA",3358,3365,795,"PS_PA_ET_EA_EC_CF_TS_TP","PS_PA_ET_EC_EA_CF_TS_TP",FALSE
"38225_hypothetical_protein",3349,3362,551.1,"PS_EA_ET_PA_EC_TP_CF_TS","PS_PA_EA_ET_TP_EC_TS_CF",FALSE
"38231_argA",3342,3355,1335,"PS_EA_ET_PA_EC_CF_TP_TS","PS_EA_PA_ET_CF_EC_TP_TS",FALSE
"38233_tcdA",3337,3350,807.3,"PS_PA_ET_EA_EC_CF_TP_TS","PS_PA_EA_ET_EC_CF_TP_TS",FALSE
"38234_csdE",3336,3349,451.5,"PS_PA_EA_ET_TS_EC_TP_CF","PS_PA_EA_ET_EC_TS_CF_TP",FALSE
"38235_csdA",1966,3348,1209.9,"MG_EA_PS_PA_EC_CF_TP_TS","PS_EA_ET_EC_CF_TP_TS_MC",FALSE
"38236_ygdR_2",3333,3347,226.2,"PS_PA_ET_TS_EA_TP_EC_CF","PS_PA_ET_TS_EA_EC_CF_TP",FALSE
"38238_hypothetical_protein",3331,3345,395.4,"PS_PA_ET_EA_TP_EC_CF_TS","PS_PA_ET_EA_TP_EC_CF_TS",TRUE
"38239_rlmM",3330,3344,1104.6,"PS_EA_ET_PA_EC_CF_TS_TP","PS_ET_EA_EC_PA_TS_CF_TP",FALSE
"38240_ygdG",3328,3343,764.1,"PS_PA_EA_EC_CF_ET_TS_TP","PS_PA_EA_ET_EC_CF_TS_TP",FALSE
"38241_ppnN",3327,3342,1365.3,"PS_PA_EC_EA_ET_CF_TP_TS","PS_PA_EA_EC_ET_CF_TS_TP",FALSE
"38242_queF",3326,3341,846,"PS_PA_ET_CF_EC_EA_TP_TS","PS_ET_PA_EA_EC_CF_TS_TP",FALSE
"38243_syd",3325,3340,552.3,"ET_EA_PA_PS_CF_EC_TP_TS","ET_EA_PA_PS_TP_EC_CF_TS",FALSE
"38244_yqcC",3324,3339,328.2,"EA_ET_EC_CF_PA_PS_TP_TS","EA_ET_EC_CF_PA_PS_TS_TP",FALSE
"38245_truC",3323,3338,774.3,"PS_PA_EC_CF_EA_ET_TS_TP","PS_PA_EA_EC_CF_ET_TS_TP",FALSE
"38246_hypothetical_protein",3322,3337,444.9,"PS_PA_CF_ET_EC_EA_TS_TP","PS_ET_PA_EA_CF_EC_TS_TP",FALSE
"38247_rlmD",3313,3328,1313.1,"PS_PA_EA_ET_EC_CF_TP_TS","PS_PA_EA_ET_EC_CF_TP_TS",TRUE
"38249_mazG",3311,3326,791.4,"PS_PA_EA_ET_EC_CF_TS_TP","PA_PS_EA_ET_CF_EC_TS_TP",FALSE
"38251_pyrG",3310,3325,1638,"PS_PA_EA_ET_EC_CF_TP_TS","PS_PA_EA_ET_CF_EC_TP_TS",FALSE
"38252_eno",3309,3324,1298.1,"PA_PS_ET_EA_CF_EC_TP_TS","PA_PS_ET_EA_CF_EC_TP_TS",TRUE
"38253_queE",3308,3321,672,"EA_PS_ET_CF_EC_PA_TS_TP","ET_EA_PS_PA_CF_EC_TS_TP",FALSE
"38254_queD",3306,3320,362.4,"PA_EC_PS_ET_CF_EA_TS_TP","EC_PA_PS_EA_CF_ET_TS_TP",FALSE
"38257_cysH",3303,3317,733.2,"PS_EA_ET_EC_PA_TS_CF_TP","PS_PA_ET_EC_EA_CF_TS_TP",FALSE
"38258_cysG",3300,3313,1405.5,"PS_PA_EA_ET_EC_TP_TS_CF","PS_PA_EA_ET_EC_TP_TS_CF",TRUE
"38259_cysD",3299,3312,909,"EA_PS_ET_PA_EC_CF_TP_TS","PS_ET_EC_EA_PA_CF_TP_TS",FALSE
"38260_cysN",3298,3311,1431,"PS_PA_ET_EA_EC_CF_TS_TP","PS_PA_EA_ET_EC_CF_TP_TS",FALSE
"38261_cysC",3297,3310,621.6,"PS_PA_EC_ET_EA_CF_TP_TS","EA_PA_ET_PS_EC_CF_TS_TP",FALSE
"38262_ygbE",3296,3309,325.5,"PA_EA_ET_PS_EC_TP_TS_CF","PA_EA_ET_PS_TP_EC_TS_CF",FALSE
"38263_ftsB",3295,3308,315.9,"PS_PA_ET_EA_TP_TS_EC_CF","PS_PA_ET_EA_TP_TS_EC_CF",TRUE
"38264_ispD",3294,3307,712.5,"PS_PA_EA_ET_CF_TP_TS_EC","PS_PA_EA_ET_CF_TP_EC_TS",FALSE
"38265_ispF",3293,3306,480,"PS_ET_PA_EA_EC_TS_CF_TP","PS_PA_ET_EC_EA_TS_TP_CF",FALSE
"38266_truD",3292,3305,1051.2,"PS_ET_EA_PA_TP_CF_EC_TS","PS_EA_ET_PA_CF_TP_EC_TS",FALSE
"38267_surE",3291,3304,762,"PS_CF_EA_PA_ET_EC_TP_TS","PS_ET_EA_CF_PA_EC_TP_TS",FALSE
"38268_pcm",3290,3303,627,"PS_PA_EA_EC_ET_CF_TS_TP","PS_EA_ET_PA_EC_CF_TS_TP",FALSE
"38281_hypothetical_protein",956,963,797.4,"PS_EA_CF_ET_EC_PA_TS_TP","PS_CF_EA_ET_PA_EC_TS_TP",FALSE
"38284_hypothetical_protein",959,966,721.5,"PS_PA_ET_EA_EC_CF_TP_TS","PS_PA_ET_EA_EC_CF_TP_TS",TRUE
"38285_rnhA",960,967,468,"EC_EA_PA_ET_CF_PS_TP_TS","EC_PA_EA_PS_ET_CF_TP_TS",FALSE
"38286_dnaQ",961,968,737.4,"PS_EA_PA_ET_EC_TS_CF_TP","PS_EA_ET_PA_CF_TS_EC_TP",FALSE
"38357_pasT",3156,3197,440.1,"PS_PA_TP_TS_EC_EA_ET_CF","PS_PA_EA_EC_TS_TP_ET_CF",FALSE
"38358_hypothetical_protein",3155,3196,292.2,"ET_PS_PA_TS_EA_TP_EC_CF","ET_TP_PS_EA_TS_PA_EC_CF",FALSE
"38360_recN",3153,3194,1662,"PS_EA_PA_ET_EC_CF_TS_TP","PS_PA_EA_EC_ET_CF_TS_TP",FALSE
"38361_nadK",3152,3193,879,"PS_EA_ET_PA_EC_CF_TP_TS","PS_EA_ET_PA_EC_CF_TP_TS",TRUE
"38362_grpE",3151,3192,590.7,"EA_PS_ET_PA_TS_TP_EC_CF","PS_EA_ET_PA_TS_TP_EC_CF",FALSE
"38363_ung",3150,3191,682.8,"PS_PA_EA_ET_EC_TP_CF_TS","PS_PA_EA_ET_CF_TP_EC_TS",FALSE
"38365_srmB",3148,3189,1330.8,"PS_PA_EA_ET_CF_EC_TP_TS","PS_EA_ET_PA_CF_EC_TP_TS",FALSE
"38366_yfiC",3147,3188,747.6,"PS_PA_ET_EA_EC_CF_TS_TP","PS_ET_PA_EA_EC_CF_TP_TS",FALSE
"38368_rseA",3144,3185,662.1,"PA_PS_ET_EA_CF_EC_TS_TP","PA_PS_EA_ET_CF_EC_TP_TS",FALSE
"38369_rseB",3143,3184,947.4,"PA_PS_ET_EA_CF_EC_TP_TS","PS_PA_ET_EA_CF_EC_TP_TS",FALSE
"38370_rseC",3142,3183,471.3,"PS_PA_EA_ET_TS_TP_CF_EC","PS_PA_EA_ET_TS_TP_EC_CF",FALSE
"38371_lepA",3141,3182,1800,"PS_PA_ET_CF_EC_EA_TP_TS","PS_PA_ET_CF_EC_EA_TP_TS",TRUE
"38372_lepB",3140,3181,970.8,"PS_PA_ET_EA_TS_TP_EC_CF","PS_ET_PA_EA_TS_EC_TP_CF",FALSE
"38373_rnc",3139,3180,684.9,"PS_EA_ET_PA_EC_CF_TP_TS","PS_ET_EA_PA_EC_CF_TP_TS",FALSE
"38374_era",3138,3179,906,"PS_ET_EA_PA_CF_TS_TP_EC","PS_ET_EA_PA_TS_CF_EC_TP",FALSE
"38375_recO",3137,3178,730.8,"PS_PA_EC_ET_EA_TS_CF_TP","PS_PA_EC_ET_EA_TS_TP_CF",FALSE
"38376_pdxJ",3136,3177,732,"PS_PA_EA_ET_EC_CF_TP_TS","PS_PA_EA_ET_EC_CF_TS_TP",FALSE
"38377_acpS",3135,3176,381,"PS_ET_PA_EA_TP_CF_EC_TS","PS_ET_PA_EA_TP_EC_CF_TS",FALSE
"38387_mltF_2",3130,3171,1482,"PS_PA_EA_ET_EC_TP_CF_TS","PS_PA_EA_ET_EC_CF_TS_TP",FALSE
"38392_glnB",3125,3166,339,"EA_ET_PA_PS_CF_TP_TS_EC","EA_ET_PA_TS_PS_TP_EC_CF",FALSE
"38411_fis",473,464,297,"ET_PS_CF_EA_PA_EC_TP_TS","ET_PS_EA_PA_EC_CF_TP_TS",FALSE
"38413_prmA",476,467,882,"PS_ET_EA_PA_CF_EC_TS_TP","PS_PA_ET_EA_CF_EC_TS_TP",FALSE
"38415_yhdT",478,469,242.4,"PS_PA_ET_EA_TS_TP_EC_CF","PA_PS_ET_EA_TS_TP_EC_CF",FALSE
"38416_accC",479,470,1344.9,"PS_EA_ET_PA_EC_CF_TP_TS","PS_EA_ET_PA_EC_CF_TP_TS",TRUE
"38417_accB",480,471,466.8,"CF_PS_ET_EA_PA_EC_TP_TS","CF_PS_ET_EA_PA_EC_TP_TS",TRUE
"38419_msrQ",482,473,606.6,"EA_ET_PA_PS_EC_CF_TP_TS","EA_ET_PA_PS_EC_CF_TP_TS",TRUE
"38423_mreB",486,477,1044,"PS_PA_CF_ET_EA_EC_TS_TP","PS_PA_ET_CF_EA_EC_TP_TS",FALSE
"38424_mreC",487,478,1025.7,"PS_ET_PA_EA_CF_EC_TS_TP","PS_ET_EA_PA_EC_CF_TP_TS",FALSE
"38426_yhdE",489,480,588.6,"PS_EC_ET_EA_PA_CF_TS_TP","PS_EC_ET_EA_PA_CF_TS_TP",TRUE
"38428_hypothetical_protein",491,482,3816.6,"PS_ET_PA_EA_EC_CF_TP_TS","PS_PA_ET_EA_EC_CF_TP_TS",FALSE
"38429_tldD",492,483,1446,"PS_EA_ET_PA_EC_CF_TP_TS","PS_EA_ET_PA_CF_EC_TP_TS",FALSE
"38431_aaeX",494,485,204,"PS_PA_EA_CF_ET_TS_EC_TP","PS_PA_EA_CF_ET_TS_EC_TP",TRUE
"38432_aaeA",495,486,933,"PS_ET_EA_EC_PA_CF_TP_TS","PS_ET_EA_EC_PA_CF_TP_TS",TRUE
"38434_hypothetical_protein",501,491,264.9,"EC_ET_PA_EA_CF_MG_TP_TS","PS_EA_MC_EC_ET_CF_TP_TS",FALSE
"38435_argR",502,493,471,"EA_PS_ET_PA_EC_CF_TP_TS","EA_PS_ET_PA_EC_CF_TS_TP",FALSE
"38436_degS",504,495,1065,"PS_PA_CF_EC_TP_TS_EA_ET","PS_PA_CF_EC_TS_TP_EA_ET",FALSE
"38438_yhcB",506,497,400.8,"PS_PA_ET_EA_CF_TP_TS_EC","PS_PA_ET_EA_TS_TP_EC_CF",FALSE
"38440_rplM",508,499,429,"EA_ET_TP_TS_PA_PS_CF_EC","EA_ET_TP_TS_PA_PS_CF_EC",TRUE
"38441_rpsI",509,500,393,"EA_ET_PA_CF_PS_TP_EC_TS","EA_ET_PA_CF_PS_EC_TP_TS",FALSE
"38442_sspA",510,501,641.4,"PS_PA_ET_EA_TP_EC_TS_CF","PS_PA_ET_EA_TP_EC_TS_CF",TRUE
"38443_hypothetical_protein",511,502,498.9,"PS_PA_ET_EC_CF_EA_TP_TS","PS_ET_EA_PA_EC_CF_TP_TS",FALSE
"38447_arcB",514,505,2354.7,"PS_PA_ET_EA_EC_CF_TP_TS","PS_PA_ET_EA_EC_TP_CF_TS",FALSE
"38449_ptsO",516,507,273,"PA_PS_EC_EA_ET_CF_TS_TP","PS_PA_EC_EA_ET_TS_CF_TP",FALSE
"38454_lptB",521,512,726,"PS_EA_ET_PA_CF_TP_EC_TS","PS_ET_PA_EA_CF_EC_TS_TP",FALSE
"38455_lptA",522,513,551.1,"PS_PA_ET_EA_CF_EC_TP_TS","PS_PA_ET_EA_CF_EC_TP_TS",TRUE
"38456_lptC",523,514,574.2,"PS_PA_EA_ET_TS_TP_EC_CF","PS_PA_EA_ET_TS_TP_EC_CF",TRUE
"38457_kdsC",524,515,566.4,"PS_PA_TS_EA_ET_EC_TP_CF","PS_PA_TS_EC_ET_EA_TP_CF",FALSE
"38458_kdsD",525,516,987,"PS_PA_EC_ET_EA_CF_TP_TS","PS_PA_ET_EA_EC_CF_TP_TS",FALSE
"38461_mlaE",528,520,783,"PS_PA_ET_EA_EC_CF_TS_TP","PS_PA_ET_EC_EA_CF_TS_TP",FALSE
"38462_mlaD",529,521,548.7,"PS_PA_ET_EA_TP_TS_CF_EC","PS_PA_ET_TP_TS_EA_CF_EC",FALSE
"38463_mlaC",530,522,643.8,"PS_PA_CF_EC_EA_TP_ET_TS","PS_PA_CF_EA_EC_ET_TP_TS",FALSE
"38466_murA",533,525,1264.5,"PS_PA_ET_EA_CF_EC_TP_TS","PS_PA_EC_EA_ET_CF_TP_TS",FALSE
"38470_rpmA",537,529,258,"TP_EA_EC_PS_ET_PA_CF_TS","TP_EA_EC_PS_ET_PA_CF_TS",TRUE
"38471_obg",538,530,1175.4,"PS_ET_PA_EA_EC_TP_CF_TS","PS_ET_PA_EA_EC_TP_CF_TS",TRUE
"38486_greA",542,537,478.2,"PS_ET_EA_PA_CF_TS_EC_TP","PS_ET_EA_PA_CF_TS_EC_TP",TRUE
"38488_rlmE",544,539,633.6,"PA_PS_EA_TP_ET_TS_EC_CF","PS_PA_EA_TP_ET_TS_EC_CF",FALSE
"38489_ftsH",545,540,1941.9,"PS_PA_ET_EC_EA_CF_TP_TS","PS_PA_ET_EA_EC_CF_TS_TP",FALSE
"38490_folP",546,541,838.2,"EA_PS_PA_ET_TS_CF_TP_EC","EA_PA_PS_ET_CF_EC_TP_TS",FALSE
"38491_glmM",547,542,1339.5,"PS_PA_EC_ET_EA_TS_TP_CF","PS_PA_EA_ET_EC_TP_TS_CF",FALSE
"38492_secG",548,543,334.5,"ET_EA_PS_PA_CF_EC_TP_TS","ET_EA_PS_CF_PA_EC_TP_TS",FALSE
"38494_nusA",552,547,1496.7,"PS_PA_EA_CF_ET_TS_EC_TP","PS_PA_EA_CF_ET_TS_EC_TP",TRUE
"38495_infB",553,548,2692.2,"PS_PA_ET_EA_CF_TS_TP_EC","PS_PA_CF_ET_TS_TP_EA_EC",FALSE
"38497_truB",555,550,945,"PS_PA_ET_EA_EC_CF_TP_TS","PA_PS_ET_EA_EC_CF_TP_TS",FALSE
"38498_rpsO",556,551,270,"PS_TP_TS_PA_EA_ET_EC_CF","PS_TP_TS_PA_EA_ET_EC_CF",TRUE
"38499_pnp",557,553,2133.9,"PS_CF_EC_ET_EA_TS_PA_TP","PS_CF_EC_ET_EA_TS_PA_TP",TRUE
"38500_nlpI",558,554,892.8,"PS_PA_ET_EA_TS_EC_TP_CF","PS_PA_ET_EA_TS_TP_EC_CF",FALSE
"38501_deaD",559,555,1905.9,"PS_TS_TP_EC_ET_PA_CF_EA","PS_TS_ET_EC_TP_CF_PA_EA",FALSE
"38503_hypothetical_protein",560,556,1013.4,"PS_PA_ET_EC_EA_CF_TP_TS","PS_PA_EA_ET_EC_CF_TP_TS",FALSE
"38509_nrdG",569,566,468.3,"CF_EA_ET_PS_EC_PA_TS_TP","ET_CF_EA_EC_PS_PA_TS_TP",FALSE
"38511_ridA",578,570,387.6,"PS_ET_PA_EC_EA_CF_TS_TP","PS_PA_EC_ET_EA_TS_CF_TP",FALSE
"38512_pyrI",579,571,463.8,"PS_PA_ET_EA_EC_CF_TS_TP","PS_PA_EA_ET_EC_CF_TS_TP",FALSE
"38514_argI",582,573,1010.4,"PS_PA_EA_ET_EC_CF_TP_TS","PS_EA_ET_PA_CF_EC_TP_TS",FALSE
"38517_hypothetical_protein",1045,1068,211.5,"PS_EA_PA_TP_EC_ET_TS_CF","PA_PS_EA_ET_TP_EC_TS_CF",FALSE
"38519_glnQ_1",1407,1421,724.8,"PS_PA_ET_EC_EA_CF_TP_TS","PA_PS_EC_EA_ET_CF_TP_TS",FALSE
"38520_glnP",1408,1422,659.4,"PS_EA_ET_PA_EC_CF_TS_TP","PS_PA_EA_ET_EC_CF_TS_TP",FALSE
"38521_glnH_2",1409,1423,747,"PA_PS_EC_ET_CF_EA_TP_TS","PA_PS_EA_EC_ET_CF_TP_TS",FALSE
"38527_holC",589,579,456,"PS_ET_EA_PA_TP_TS_EC_CF","PS_ET_EA_PA_TP_TS_CF_EC",FALSE
"38528_pepA",590,580,1512,"PS_PA_ET_EA_EC_CF_TP_TS","PS_PA_ET_EA_EC_TS_CF_TP",FALSE
"38542_hypothetical_protein",601,591,512.7,"PS_PA_ET_TP_TS_EA_CF_EC","PS_PA_ET_TS_EA_TP_CF_EC",FALSE
"38546_yrdA",464,455,557.7,"PS_PA_EC_ET_EA_CF_TS_TP","PS_EC_PA_ET_EA_CF_TP_TS",FALSE
"38549_tsaC",461,451,572.7,"PS_PA_ET_EA_EC_TS_TP_CF","PA_PS_ET_EC_EA_TS_CF_TP",FALSE
"38551_smg",459,449,474.6,"ET_EA_PS_PA_EC_CF_TP_TS","ET_EA_PS_PA_EC_TP_CF_TS",FALSE
"38553_def",457,446,511.8,"CF_TS_PS_EC_PA_EA_ET_TP","PS_CF_EA_ET_EC_PA_TS_TP",FALSE
"38555_rsmB",455,444,1295.7,"PA_ET_EA_PS_TS_EC_CF_TP","PS_PA_EA_ET_EC_CF_TS_TP",FALSE
"38556_trkA",454,443,1377,"PS_EA_ET_PA_EC_CF_TP_TS","PS_ET_PA_EA_CF_EC_TP_TS",FALSE
"38557_mscL",453,442,408,"PS_EA_TS_ET_PA_TP_EC_CF","PS_ET_EA_TS_PA_TP_CF_EC",FALSE
"38558_hypothetical_protein",451,440,371.4,"PS_TP_PA_TS_EC_EA_CF_ET","PS_TP_PA_TS_EC_EA_CF_ET",TRUE
"38559_rplQ",450,439,386.7,"EA_ET_PA_PS_TS_EC_TP_CF","EA_ET_PA_PS_TS_EC_TP_CF",TRUE
"38560_rpoA",449,438,990,"PS_PA_EC_EA_CF_ET_TS_TP","PS_PA_EC_CF_EA_ET_TS_TP",FALSE
"38561_rpsD",448,437,621,"PA_PS_EA_ET_TS_TP_CF_EC","PA_EA_PS_ET_TS_TP_CF_EC",FALSE
"38565_secY",445,434,1332,"ET_EA_PS_CF_EC_PA_TS_TP","ET_EA_PS_EC_CF_PA_TS_TP",FALSE
"38566_rplO",444,433,435,"ET_EA_PS_TS_EC_TP_PA_CF","ET_EA_PS_EC_TS_TP_PA_CF",FALSE
"38567_rpmD",443,432,181.2,"TS_CF_TP_PA_EC_EA_ET_PS","TS_TP_EC_CF_PA_EA_ET_PS",FALSE
"38568_rpsE",442,431,501.3,"PS_CF_PA_TP_EC_TS_ET_EA","PS_CF_PA_TP_EC_TS_ET_EA",TRUE
"38570_rplF",440,429,534,"PA_PS_TP_ET_TS_EA_CF_EC","PA_PS_TP_ET_TS_EA_EC_CF",FALSE
"38571_rpsH",439,428,393,"PS_PA_EC_CF_EA_ET_TP_TS","PS_PA_EC_CF_EA_ET_TP_TS",TRUE
"38572_rpsN",438,427,306,"PS_PA_EC_TP_TS_CF_EA_ET","PS_PA_EC_TP_TS_CF_ET_EA",FALSE
"38573_rplE",437,426,540,"PA_EC_PS_CF_ET_TS_TP_EA","PA_EC_PS_CF_ET_TS_TP_EA",TRUE
"38574_rplX",436,425,315,"EC_EA_PS_PA_TP_ET_CF_TS","EA_EC_PA_PS_TP_ET_CF_TS",FALSE
"38575_rplN",435,424,372,"PA_PS_CF_ET_TS_EA_EC_TP","PS_PA_ET_EC_TS_EA_TP_CF",FALSE
"38576_rpsQ",434,423,255,"PS_CF_TP_PA_TS_EC_ET_EA","PS_CF_TP_PA_TS_EC_ET_EA",TRUE
"38577_rpmC",433,422,192,"PS_PA_TS_TP_ET_EA_EC_CF","PA_PS_TS_TP_ET_EA_EC_CF",FALSE
"38578_rplP",432,421,411,"PS_PA_EA_ET_EC_CF_TS_TP","PS_PA_EA_ET_EC_CF_TS_TP",TRUE
"38579_rpsC",431,420,700.5,"PS_EC_EA_ET_CF_PA_TP_TS","PS_EC_EA_CF_ET_PA_TS_TP",FALSE
"38580_rplV",430,419,333,"PS_EC_TS_EA_TP_PA_CF_ET","PS_EC_TS_EA_TP_PA_CF_ET",TRUE
"38581_rpsS",429,418,279,"TP_TS_PA_ET_EA_EC_CF_PS","TP_TS_PA_ET_EA_EC_CF_PS",TRUE
"38582_rplB",428,417,822,"TP_ET_PS_EA_TS_PA_EC_CF","TP_ET_PS_PA_TS_EA_EC_CF",FALSE
"38583_rplW",427,416,303,"CF_EC_TS_EA_ET_TP_PS_PA","EA_ET_CF_TS_EC_TP_PS_PA",FALSE
"38584_rplD",426,415,606,"PS_ET_EA_PA_EC_CF_TP_TS","PS_PA_EA_ET_EC_CF_TP_TS",FALSE
"38585_rplC",425,414,629.4,"PS_PA_EC_CF_TS_TP_ET_EA","PS_PA_EC_CF_TS_TP_EA_ET",FALSE
"38586_rpsJ",424,413,312,"PS_EC_PA_ET_EA_CF_TS_TP","PS_EC_PA_ET_EA_CF_TS_TP",TRUE
"38592_lolD",1672,1663,704.4,"PS_PA_ET_EA_TP_EC_CF_TS","PS_PA_ET_EA_CF_EC_TP_TS",FALSE
"38594_mfd",1668,1660,3446.4,"PS_EA_ET_PA_EC_CF_TS_TP","PS_EA_PA_ET_EC_CF_TS_TP",FALSE
"38595_hypothetical_protein",1667,1659,543,"PS_PA_EC_ET_CF_EA_TP_TS","PS_PA_EC_ET_CF_EA_TP_TS",TRUE
"38596_ndh",1666,1658,1304.1,"PS_PA_ET_EC_EA_CF_TP_TS","PS_PA_ET_EA_EC_CF_TP_TS",FALSE
"38597_nagZ",1664,1656,1024.2,"PS_ET_EC_EA_PA_CF_TP_TS","PS_ET_EA_EC_PA_CF_TP_TS",FALSE
"38598_thiK",1663,1655,825.6,"PS_PA_EA_ET_TS_TP_EC_CF","PS_PA_EA_ET_TS_TP_EC_CF",TRUE
"38600_hypothetical_protein",1661,1653,371.7,"PA_PS_ET_EA_TP_TS_EC_CF","PS_PA_ET_EA_TP_CF_TS_EC",FALSE
"38601_Purine_nucleoside_ph..",1660,1652,351.3,"ET_PS_EC_PA_EA_CF_TS_TP","ET_EA_PS_EC_PA_CF_TP_TS",FALSE
"38604_tmk",1647,1643,634.8,"PA_PS_ET_EA_EC_CF_TS_TP","PA_PS_EA_ET_TS_EC_CF_TP",FALSE
"38606_pabC",1645,1641,811.5,"ET_EA_PS_PA_TP_EC_TS_CF","ET_EA_PA_PS_TP_EC_TS_CF",FALSE
"38609_fabG",1642,1638,735,"ET_EA_PS_PA_TP_EC_CF_TS","ET_EA_PS_PA_TP_EC_CF_TS",TRUE
"38610_fabD",1641,1637,931.2,"PS_CF_ET_EA_PA_TS_EC_TP","PS_EA_ET_CF_PA_TS_EC_TP",FALSE
"38613_rpmF",1638,1634,171.6,"ET_EA_PA_PS_TP_TS_CF_EC","ET_EA_PA_PS_TP_TS_CF_EC",TRUE
"38614_yceD",1637,1633,522,"PS_PA_ET_EA_TS_CF_EC_TP","PS_EA_PA_ET_CF_TS_EC_TP",FALSE
"38617_rluC",1635,1631,958.5,"PS_EC_ET_PA_EA_CF_TP_TS","PS_EC_ET_PA_EA_CF_TP_TS",TRUE
"38620_hypothetical_protein",1617,1613,590.4,"ET_PS_PA_EA_EC_CF_TS_TP","PS_ET_EA_PA_EC_CF_TS_TP",FALSE
"38621_yceB",1614,1610,568.8,"PS_PA_EA_ET_EC_CF_TP_TS","PS_PA_EC_ET_EA_CF_TP_TS",FALSE
"38625_yigZ",3848,3960,618,"PS_ET_EA_PA_TP_TS_CF_EC","PS_ET_PA_EA_TP_EC_TS_CF",FALSE
"38626_pepQ",3849,3961,1331.7,"PS_PA_ET_EA_EC_CF_TP_TS","PS_PA_ET_EA_CF_EC_TS_TP",FALSE
"38627_fre",3852,3964,702,"PS_PA_ET_EA_EC_TP_TS_CF","PA_PS_EA_ET_EC_TP_TS_CF",FALSE
"38628_ubiD",3853,3965,1491.3,"PS_PA_EA_ET_EC_TS_CF_TP","PS_PA_EA_ET_EC_CF_TS_TP",FALSE
"38629_rfaH",3854,3966,491.7,"PS_PA_CF_EC_EA_ET_TP_TS","PS_CF_PA_ET_EA_EC_TP_TS",FALSE
"38630_tatD",3855,3967,781.8,"PS_EA_PA_ET_TS_TP_EC_CF","PS_EA_PA_ET_TS_TP_EC_CF",TRUE
"38631_tatC",3856,3968,762.9,"PS_PA_ET_TS_EA_TP_EC_CF","PS_PA_TS_ET_EA_TP_EC_CF",FALSE
"38634_ubiB",3859,3971,1638.6,"PS_PA_ET_EC_EA_TS_TP_CF","PS_PA_ET_EC_EA_TP_TS_CF",FALSE
"38635_hypothetical_protein",3860,3972,608.4,"PS_PA_ET_EA_EC_TP_CF_TS","PS_PA_ET_EA_TP_EC_CF_TS",FALSE
"38636_ubiE",3861,3973,762.9,"PS_PA_EA_ET_TP_TS_EC_CF","PS_PA_EA_ET_TP_TS_EC_CF",TRUE
"38638_udp",3863,3975,762.6,"PS_PA_ET_CF_EC_EA_TP_TS","PS_PA_ET_CF_EC_EA_TP_TS",TRUE
"38641_metR_1",3866,3978,943.5,"PS_PA_EA_ET_TP_TS_EC_CF","PS_PA_EA_ET_TP_EC_TS_CF",FALSE
"38643_pldB",3872,3985,1004.7,"EA_ET_PS_PA_CF_EC_TP_TS","PS_PA_ET_EA_CF_EC_TP_TS",FALSE
"38644_rhtB_1",3873,3986,626.7,"PS_EA_PA_ET_EC_CF_TS_TP","PS_PA_EA_ET_EC_CF_TS_TP",FALSE
"38648_hypothetical_protein",3877,3990,470.4,"PS_PA_ET_EA_CF_EC_TS_TP","PS_ET_EA_PA_CF_EC_TS_TP",FALSE
"38654_corA",3880,3993,954.6,"PS_PA_EC_ET_EA_CF_TS_TP","PS_PA_EC_ET_EA_CF_TS_TP",TRUE
"38656_yigB",3882,3995,717,"PS_ET_PA_EA_EC_CF_TS_TP","PS_PA_ET_EA_EC_CF_TS_TP",FALSE
"38657_xerC",3883,3996,904.8,"PS_PA_EA_ET_EC_CF_TS_TP","PS_PA_EA_ET_EC_CF_TS_TP",TRUE
"38658_hypothetical_protein",3884,3997,702.6,"PS_PA_EA_ET_EC_CF_TP_TS","PS_PA_EA_ET_EC_CF_TP_TS",TRUE
"38659_dapF",3885,3998,825,"PS_EA_ET_EC_PA_CF_TP_TS","PS_ET_EA_PA_EC_CF_TP_TS",FALSE
"38662_cyaA",3890,4003,2551.5,"PS_PA_ET_EA_EC_CF_TP_TS","PS_PA_EA_ET_EC_CF_TP_TS",FALSE
"38665_hemX",3893,4006,1145.4,"EA_PS_ET_PA_CF_EC_TS_TP","PS_PA_EA_ET_CF_EC_TP_TS",FALSE
"38666_hemY",3894,4007,1195.2,"PS_EA_ET_PA_CF_TP_EC_TS","PS_EA_PA_ET_CF_TP_EC_TS",FALSE
"38667_wecG",3899,4012,741,"PS_PA_EA_ET_EC_CF_TP_TS","PS_PA_EA_ET_CF_EC_TP_TS",FALSE
"38668_wzyE",3900,4013,1356.9,"PS_ET_CF_EC_EA_PA_TP_TS","PS_ET_EA_CF_EC_PA_TP_TS",FALSE
"38669_wecF",3901,4014,1076.4,"PA_PS_ET_EA_EC_CF_TS_TP","PA_PS_ET_EA_EC_CF_TS_TP",TRUE
"38670_wzxE",3902,4015,1246.2,"PS_PA_EA_ET_EC_CF_TP_TS","PS_PA_EA_ET_EC_CF_TP_TS",TRUE
"38672_wecD",3904,4017,697.8,"ET_PA_EA_PS_TP_CF_EC_TS","ET_EA_PA_PS_TP_CF_EC_TS",FALSE
"38673_wecC",3907,4020,1261.8,"PS_PA_EC_CF_ET_EA_TP_TS","PS_PA_EC_CF_ET_EA_TP_TS",TRUE
"38676_rho",3911,4024,1269,"PS_CF_PA_EC_ET_EA_TS_TP","PS_PA_CF_EC_EA_ET_TS_TP",FALSE
"38677_trxA",3912,4025,331.8,"PA_PS_TP_EA_ET_TS_EC_CF","PA_PS_TP_EA_ET_TS_EC_CF",TRUE
"38678_rhlB",3913,4026,1288.2,"PS_EC_EA_ET_PA_CF_TP_TS","PS_EC_EA_ET_PA_CF_TP_TS",TRUE
"38679_gppA",3914,4027,1484.7,"PS_PA_EA_ET_EC_TP_CF_TS","PS_PA_EA_ET_TP_EC_TS_CF",FALSE
"38680_rep",3915,4028,2023.5,"PS_PA_ET_EA_EC_CF_TS_TP","PS_PA_ET_EA_EC_CF_TP_TS",FALSE
"38681_ppiC",3916,4029,282,"ET_EA_PS_CF_EC_PA_TP_TS","ET_EA_CF_EC_PS_PA_TS_TP",FALSE
"38682_yhjJ",207,184,1483.5,"PS_PA_ET_EA_EC_CF_TP_TS","PS_PA_ET_EA_EC_CF_TP_TS",TRUE
"38683_pdeK",205,182,2007,"PS_PA_EA_ET_TP_TS_EC_CF","PS_PA_EA_ET_TP_EC_TS_CF",FALSE
"38686_hypothetical_protein",184,152,715.2,"PS_PA_EA_ET_EC_CF_TP_TS","PS_PA_EA_ET_EC_CF_TP_TS",TRUE
"38689_sodA",178,146,614.7,"PS_PA_TP_TS_EC_ET_EA_CF","PS_PA_TP_TS_EC_EA_ET_CF",FALSE
"38693_glyS",170,136,2056.8,"PS_ET_PA_EA_EC_CF_TS_TP","PS_ET_PA_EA_EC_CF_TS_TP",TRUE
"38694_glyQ",169,135,918,"PS_ET_PA_EA_CF_EC_TS_TP","PS_PA_ET_EA_CF_EC_TS_TP",FALSE
"38701_mmuM",3220,3243,931.5,"PS_PA_CF_EC_TP_TS_EA_ET","PS_PA_CF_EC_TP_TS_EA_ET",TRUE
"38730_hypothetical_protein",275,260,1187.1,"PS_PA_ET_EA_EC_TP_CF_TS","PS_PA_ET_EA_EC_TP_CF_TS",TRUE
"38733_uspB",273,258,335.7,"ET_PS_EA_PA_EC_CF_TS_TP","PS_ET_PA_EA_CF_EC_TS_TP",FALSE
"38734_uspA",272,257,438,"PS_PA_EC_ET_CF_EA_TP_TS","PS_PA_EC_ET_EA_TS_CF_TP",FALSE
"38735_rsmJ",271,256,761.7,"PS_EA_EC_PA_ET_TS_CF_TP","PS_EA_EC_PA_ET_CF_TS_TP",FALSE
"38736_prlC",270,255,2046,"PS_PA_EC_ET_CF_EA_TP_TS","PS_PA_ET_EC_EA_CF_TS_TP",FALSE
"38737_rlmJ",268,253,843,"ET_EA_PS_PA_CF_EC_TS_TP","ET_PA_EA_PS_CF_EC_TP_TS",FALSE
"38738_rbn",265,252,913.2,"PS_PA_TP_TS_EA_EC_ET_CF","PS_PA_TS_TP_EA_ET_EC_CF",FALSE
"38739_gor",262,248,1353.3,"PS_ET_EA_PA_EC_CF_TP_TS","PS_EA_ET_PA_EC_CF_TS_TP",FALSE
"38747_fhuA_1",1815,911,2155.5,"CF_PS_MG_PA_ET_EC_TP_TS","PS_PA_CF_MC_EA_EC_TP_TS",FALSE
"38756_efeN",2529,2481,1278.9,"PS_ET_EA_PA_EC_CF_TP_TS","PS_ET_EA_PA_EC_CF_TP_TS",TRUE
"38757_efeO",2530,2482,1144.5,"PS_PA_EC_ET_CF_EA_TP_TS","PS_PA_ET_CF_EC_EA_TP_TS",FALSE
"38759_pgsA",1565,1578,552,"PS_ET_PA_EA_TP_TS_EC_CF","PS_ET_PA_EA_TS_EC_CF_TP",FALSE
"38761_hypothetical_protein",1562,1575,225,"EA_ET_PS_PA_CF_TS_EC_TP","EA_PS_ET_PA_CF_EC_TP_TS",FALSE
"38765_yccA",1540,1553,658.5,"PS_PA_EC_ET_TP_EA_CF_TS","PS_PA_ET_TP_EC_CF_EA_TS",FALSE
"38766_tusE",1539,1552,327.6,"ET_EA_PS_PA_CF_EC_TP_TS","ET_EA_PA_PS_EC_CF_TP_TS",FALSE
"38767_acyP",1538,1551,279,"PS_PA_CF_EC_ET_EA_TS_TP","PS_CF_PA_EC_ET_EA_TS_TP",FALSE
"38769_hspQ",1536,1549,317.4,"PA_EA_ET_PS_EC_CF_TP_TS","PA_ET_PS_EA_EC_CF_TP_TS",FALSE
"38773_helD",1532,1545,2052.9,"PS_EA_ET_PA_EC_CF_TS_TP","PS_ET_EA_PA_EC_CF_TS_TP",FALSE
"38778_ompA",1526,1540,1066.2,"PS_PA_ET_EA_TS_TP_EC_CF","PS_PA_ET_EA_TS_TP_EC_CF",TRUE
"38779_matP",1525,1539,459.6,"PS_ET_EC_CF_PA_EA_TP_TS","PS_EA_ET_CF_EC_PA_TP_TS",FALSE
"38784_hypothetical_protein",1522,1536,570.6,"PS_PA_ET_EA_EC_TP_TS_CF","PA_PS_ET_EA_EC_CF_TP_TS",FALSE
"38787_uup",1519,1533,1916.4,"PS_PA_ET_EA_EC_CF_TP_TS","PS_PA_ET_EA_EC_CF_TP_TS",TRUE
"38788_rlmL",1518,1532,2131.8,"PS_EA_PA_ET_EC_CF_TP_TS","PS_PA_EA_ET_EC_CF_TP_TS",FALSE
"38789_ycbX",1517,1531,1111.5,"PS_PA_ET_EA_CF_EC_TP_TS","PS_PA_ET_EA_CF_EC_TP_TS",TRUE
"38791_pyrD",1515,1529,1011,"PS_PA_ET_EC_EA_CF_TP_TS","PS_PA_CF_EC_ET_EA_TP_TS",FALSE
"38792_pepN",1508,1522,2619.3,"PS_PA_ET_EA_EC_CF_TP_TS","PS_PA_ET_EA_EC_CF_TS_TP",FALSE
"38793_pncB",1507,1521,1205.4,"PS_PA_ET_EA_EC_CF_TP_TS","PS_PA_EA_ET_EC_CF_TP_TS",FALSE
"38794_asnS",1506,1520,1401,"PS_PA_EA_ET_TP_CF_EC_TS","PS_PA_EA_ET_CF_EC_TP_TS",FALSE
"38798_hypothetical_protein",1502,1516,549.9,"PS_PA_ET_EA_TP_EC_TS_CF","ET_PS_PA_EA_TP_CF_TS_EC",FALSE
"38799_hypothetical_protein",1501,1515,1815.6,"PS_PA_EA_ET_CF_EC_TP_TS","PS_PA_EA_ET_CF_EC_TP_TS",TRUE
"38801_mukE",1499,1513,719.4,"PS_EC_ET_EA_PA_CF_TS_TP","PS_ET_PA_EC_EA_CF_TS_TP",FALSE
"38802_mukF",1498,1512,1323,"PS_PA_ET_EA_EC_CF_TS_TP","PS_PA_EA_ET_EC_CF_TP_TS",FALSE
"38807_hypothetical_protein",1494,1508,183,"PS_PA_EA_ET_EC_TS_TP_CF","PS_PA_EA_ET_EC_TS_TP_CF",TRUE
"38810_comEC",1490,1504,2253.3,"ET_EA_PS_PA_TS_TP_EC_CF","EA_PS_ET_PA_TS_TP_CF_EC",FALSE
"38811_ihfB",1489,1503,288.3,"PS_PA_CF_ET_TP_EA_EC_TS","PS_PA_CF_ET_EA_TP_EC_TS",FALSE
"38812_rpsA",1488,1502,1681.2,"PS_CF_PA_EC_ET_TP_EA_TS","PS_CF_PA_EC_ET_TP_EA_TS",TRUE
"38813_cmk",1487,1501,683.7,"PS_PA_EA_CF_EC_ET_TS_TP","PS_PA_EA_EC_CF_ET_TP_TS",FALSE
"38815_serC",1485,1499,1083,"PS_PA_ET_EA_TS_EC_CF_TP","PS_TS_ET_PA_EC_EA_TP_CF",FALSE
"38820_ycaD_2",1480,1494,1152,"PS_PA_EC_ET_EA_CF_TS_TP","PS_PA_EA_ET_EC_CF_TP_TS",FALSE
"38823_serS",1479,1493,1293,"PS_PA_ET_EA_EC_CF_TP_TS","PS_PA_EA_CF_ET_EC_TS_TP",FALSE
"38824_rarA",1478,1492,1342.2,"PS_PA_EA_ET_CF_EC_TP_TS","PS_PA_EA_EC_ET_CF_TP_TS",FALSE
"38825_lolA",1477,1491,612,"PS_PA_ET_EA_EC_TP_TS_CF","PS_PA_ET_EC_EA_TP_CF_TS",FALSE
"38828_yfiH",3248,3269,731.1,"PS_PA_ET_EA_CF_TP_EC_TS","PS_PA_ET_EA_CF_TP_TS_EC",FALSE
"38829_rluD",3249,3270,980.1,"PS_ET_PA_EA_EC_CF_TS_TP","PS_ET_PA_EA_EC_CF_TS_TP",TRUE
"38830_bamD",3250,3271,741.9,"ET_PS_PA_EA_TP_CF_TS_EC","ET_PS_PA_EA_CF_TS_TP_EC",FALSE
"38833_tyrA",3254,3275,1122,"PS_EC_PA_EA_ET_CF_TP_TS","PS_PA_EC_EA_ET_CF_TP_TS",FALSE
"38834_aroF",3255,3276,1078.5,"PS_PA_EC_CF_EA_ET_TP_TS","PS_PA_EC_EA_CF_ET_TP_TS",FALSE
"38840_proA",1004,1020,1257.3,"ET_PS_EA_PA_EC_CF_TP_TS","PS_ET_EA_PA_EC_CF_TS_TP",FALSE
"38841_proB",1003,1019,1104,"PS_ET_PA_EA_EC_CF_TS_TP","PS_PA_ET_EA_EC_CF_TS_TP",FALSE
"38844_hypothetical_protein",1000,1016,1245.9,"PS_PA_EA_ET_EC_CF_TP_TS","PS_PA_ET_EA_CF_EC_TP_TS",FALSE
"38847_mglA",997,1013,1508.1,"PS_PA_ET_EA_EC_TS_TP_CF","PS_PA_ET_EA_EC_TS_TP_CF",TRUE
"38848_rbsC",996,1012,998.7,"PS_PA_EC_ET_EA_TP_TS_CF","PS_PA_EC_ET_EA_TP_TS_CF",TRUE
"38849_dinB",992,1008,1056,"PS_ET_EA_PA_EC_CF_TP_TS","PS_EA_ET_PA_EC_CF_TS_TP",FALSE
"38850_hypothetical_protein",991,1007,743.4,"PA_PS_ET_EA_TP_CF_EC_TS","PA_PS_ET_EA_TP_EC_CF_TS",FALSE
"38851_yafJ",990,1006,768.3,"PS_PA_ET_EA_CF_EC_TP_TS","PS_PA_ET_EA_CF_TP_TS_EC",FALSE
"38852_gmhA",989,1005,579.9,"PS_PA_CF_ET_EC_TS_EA_TP","PS_PA_CF_EC_ET_TS_EA_TP",FALSE
"38857_ybdL_2",982,996,1161,"PS_ET_PA_EA_EC_CF_TS_TP","PS_ET_PA_EA_EC_TS_CF_TP",FALSE
"38858_yafV",981,995,769.8,"PS_PA_EA_EC_ET_TP_TS_CF","PS_PA_EC_ET_EA_TP_CF_TS",FALSE
"38861_amaB",977,984,1263.9,"PS_PA_EA_ET_EC_TP_TS_CF","PS_PA_ET_EA_EC_TP_TS_CF",FALSE
"38868_hypothetical_protein",971,978,845.4,"PS_PA_ET_EC_EA_TP_TS_CF","PS_PA_EC_EA_ET_TP_TS_CF",FALSE
"38874_speG",3218,3241,554.1,"PS_PA_EC_TS_TP_ET_EA_CF","PS_PA_TP_EC_TS_EA_ET_CF",FALSE
"38875_hypothetical_protein",3222,3245,338.4,"PS_ET_PA_EA_EC_CF_TS_TP","PS_PA_ET_EA_EC_TS_CF_TP",FALSE
"38877_proV",3228,3251,1197.6,"PS_PA_EA_ET_EC_CF_TS_TP","PS_PA_EA_ET_EC_TS_CF_TP",FALSE
"38879_proX",3230,3253,996.9,"PS_PA_EA_ET_EC_CF_TP_TS","PS_PA_ET_EA_EC_CF_TS_TP",FALSE
"38880_mprA",3232,3255,527.4,"PS_EA_PA_ET_EC_CF_TP_TS","PS_EA_PA_ET_CF_EC_TP_TS",FALSE
"38881_emrA_2",3233,3256,1171.2,"PS_PA_ET_EA_EC_CF_TP_TS","PS_PA_ET_EA_EC_CF_TP_TS",TRUE
"38884_trxC",3236,3259,420.3,"PS_PA_ET_EA_EC_CF_TS_TP","PS_PA_EC_ET_EA_CF_TP_TS",FALSE
"38886_pat",3238,3261,2659.5,"PS_PA_EA_ET_EC_CF_TP_TS","PS_PA_EA_ET_EC_CF_TP_TS",TRUE
"38887_pssA",3239,3262,1356.6,"PS_ET_EA_PA_CF_EC_TS_TP","PS_ET_EA_PA_CF_EC_TP_TS",FALSE
"38893_thrS",1940,1911,1929,"PS_ET_PA_EA_TP_EC_TS_CF","PS_ET_EA_PA_TP_TS_EC_CF",FALSE
"38895_rpmI",1942,1913,198,"PS_EC_ET_EA_PA_TS_CF_TP","PS_EC_EA_ET_PA_TS_TP_CF",FALSE
"38896_rplT",1943,1914,357,"PS_PA_TS_TP_EA_EC_ET_CF","PA_PS_TS_TP_EA_ET_EC_CF",FALSE
"38897_pheS",1944,1915,984,"PS_EC_CF_EA_ET_PA_TP_TS","PS_EC_CF_ET_PA_EA_TS_TP",FALSE
"38898_pheT",1945,1916,2388,"PS_PA_EC_CF_EA_ET_TP_TS","PS_PA_EC_CF_EA_ET_TP_TS",TRUE
"38900_mepS_2",1951,1922,461.7,"PA_PS_ET_EA_CF_TP_EC_TS","PA_PS_ET_EA_EC_TP_CF_TS",FALSE
"38901_hypothetical_protein",1953,1924,1441.5,"PS_EA_ET_PA_EC_CF_TP_TS","PS_EA_ET_PA_EC_TP_TS_CF",FALSE
"38903_ydiK",1957,1928,1128.3,"PS_PA_ET_EA_TP_EC_TS_CF","PS_PA_ET_EA_TP_EC_TS_CF",TRUE
"38905_lpp",1969,1939,237,"PS_EA_ET_PA_TP_TS_EC_CF","ET_PS_EA_PA_TP_TS_EC_CF",FALSE
"38908_ribC",1976,1946,649.8,"PS_PA_ET_EC_CF_EA_TP_TS","PS_PA_ET_EC_CF_EA_TS_TP",FALSE
"38909_cfa",1977,1947,1153.8,"PS_PA_TS_CF_EC_TP_EA_ET","PS_PA_TS_EA_CF_ET_EC_TP",FALSE
"38911_allS",1979,1949,928.8,"PS_EA_PA_ET_TP_TS_EC_CF","PS_PA_EA_ET_EC_TP_TS_CF",FALSE
"38916_grxD",1982,1952,337.2,"PS_PA_EC_EA_ET_TS_TP_CF","PS_PA_EC_TS_ET_EA_TP_CF",FALSE
"38917_rnt",1983,1953,669.3,"PS_EC_PA_ET_CF_EA_TP_TS","PS_EC_CF_PA_ET_EA_TP_TS",FALSE
"38918_gloA_2",1984,1954,408,"PS_PA_ET_TP_TS_EA_EC_CF","PS_ET_PA_EA_TS_EC_TP_CF",FALSE
"38921_slyB",1991,1961,468,"PS_PA_EC_ET_EA_TS_CF_TP","PS_PA_EA_EC_ET_TS_TP_CF",FALSE
"38922_anmK",1992,1962,1128.6,"PS_PA_EC_ET_EA_TP_CF_TS","PS_PA_EC_EA_ET_TP_CF_TS",FALSE
"38923_pdxH",1994,1964,657.6,"PS_PA_ET_EA_EC_TS_TP_CF","PS_PA_ET_EA_EC_CF_TS_TP",FALSE
"38924_tyrS",1995,1965,1275.6,"PS_PA_EC_CF_ET_TP_EA_TS","PS_PA_EC_TP_CF_TS_EA_ET",FALSE
"38927_nth",2003,1973,635.1,"PS_PA_EC_ET_EA_CF_TS_TP","PS_PA_EA_ET_EC_CF_TP_TS",FALSE
"38928_rsxE",2004,1974,704.1,"PS_PA_EA_ET_EC_TS_TP_CF","PS_PA_ET_EA_EC_TP_TS_CF",FALSE
"38929_rsxG",2005,1975,630,"PS_PA_ET_EA_TS_TP_EC_CF","PS_PA_ET_EA_TS_TP_EC_CF",TRUE
"38933_rsxA",2009,1979,582,"PS_PA_ET_EA_TP_TS_CF_EC","PS_PA_TS_ET_EA_TP_CF_EC",FALSE
"38936_ydgA",2024,1998,1502.4,"PS_PA_ET_EA_EC_CF_TP_TS","PS_PA_ET_EA_EC_CF_TP_TS",TRUE
"38937_tus",2027,2001,931.2,"PS_PA_ET_EA_EC_CF_TP_TS","PS_PA_EA_ET_EC_CF_TP_TS",FALSE
"38943_ydcO",2094,2090,1191,"PS_PA_EA_EC_ET_TP_CF_TS","PS_PA_ET_EA_EC_TP_CF_TS",FALSE
"38954_dld",1371,1394,1719.3,"PS_EA_ET_PA_CF_EC_TP_TS","PS_EA_ET_PA_EC_CF_TP_TS",FALSE
"38956_hypothetical_protein",4021,4133,618.6,"PS_PA_ET_EA_CF_EC_TS_TP","PS_PA_ET_EA_CF_EC_TS_TP",TRUE
"38960_basR",540,535,668.1,"PS_ET_EA_EC_CF_PA_TP_TS","PS_ET_EA_EC_PA_CF_TP_TS",FALSE
"38964_hypothetical_protein",1404,1418,627.6,"PS_PA_EA_ET_EC_TS_CF_TP","PS_PA_EA_ET_EC_TS_TP_CF",FALSE
"38971_fhuC_2",904,912,791.1,"PS_ET_EA_PA_EC_CF_TP_TS","PS_ET_EA_PA_EC_CF_TP_TS",TRUE
"38985_ttuB",1377,56,1303.5,"TS_CF_EC_MG_PA_PS_ET_EA","PS_ET_EA_CF_EC_MC_TS_TP",FALSE
"39028_gsiD_1",1428,1444,906.3,"PS_PA_EA_ET_CF_EC_TP_TS","PS_PA_ET_EA_EC_CF_TP_TS",FALSE
"39029_gsiC_1",1427,1443,925.2,"PS_PA_ET_EA_EC_CF_TP_TS","PS_PA_ET_EA_EC_CF_TS_TP",FALSE
"39030_gsiB_1",1426,1442,1538.4,"PS_PA_EA_ET_EC_TS_CF_TP","PS_PA_EC_EA_ET_TS_TP_CF",FALSE
"39032_iaaA",1424,1440,956.4,"PS_PA_EA_EC_ET_CF_TP_TS","PS_PA_EA_ET_EC_CF_TS_TP",FALSE
"39033_ybeM",1221,1248,792.6,"PS_PA_EA_ET_TP_TS_EC_CF","PS_PA_ET_EA_TP_TS_EC_CF",FALSE
"39034_deoR",766,777,765.9,"PS_PA_ET_EA_TP_EC_TS_CF","PS_PA_EA_ET_TP_TS_EC_CF",FALSE
"39078_moeA",1423,1439,1230.3,"PS_ET_EA_PA_EC_CF_TP_TS","PS_EA_ET_PA_EC_CF_TP_TS",FALSE
"39079_moeB",1422,1438,758.7,"PS_EA_ET_PA_EC_CF_TS_TP","PS_ET_PA_EA_EC_CF_TS_TP",FALSE
"39082_mntR",1414,1428,463.2,"EA_PS_ET_PA_TP_EC_TS_CF","EA_PS_ET_PA_EC_TP_CF_TS",FALSE
"39087_ompX",1412,1426,513.3,"PS_PA_TP_TS_EC_EA_ET_CF","PS_PA_TP_EA_EC_TS_ET_CF",FALSE
"39088_rhtA",1411,1425,905.7,"PS_PA_EC_ET_EA_CF_TP_TS","PS_PA_EC_EA_ET_CF_TP_TS",FALSE
"39089_dps",1410,1424,505.5,"ET_PS_EA_PA_EC_TP_CF_TS","PS_ET_EA_PA_EC_TP_TS_CF",FALSE
"39090_rlmF",1405,1419,937.2,"EA_ET_PS_EC_PA_CF_TP_TS","EA_ET_PS_EC_PA_CF_TP_TS",TRUE
"39091_ybiB",1401,1415,971.4,"PS_EA_ET_PA_EC_CF_TP_TS","PS_EA_PA_ET_CF_EC_TP_TS",FALSE
"39095_idi",1390,1404,546.6,"PS_PA_ET_EA_TP_TS_EC_CF","PS_PA_ET_EA_TS_TP_CF_EC",FALSE
"39107_hypothetical_protein",1349,1372,1107,"PS_PA_ET_EA_EC_CF_TP_TS","PS_PA_ET_EA_EC_CF_TP_TS",TRUE
"39108_moaE",1347,1370,458.1,"PS_PA_CF_ET_EA_EC_TP_TS","PS_PA_CF_ET_EA_TP_EC_TS",FALSE
"39109_moaD",1346,1369,246.6,"PS_EA_PA_ET_CF_EC_TS_TP","PS_EA_PA_ET_CF_EC_TS_TP",TRUE
"39110_moaC",1345,1368,467.7,"PS_EC_CF_PA_ET_EA_TP_TS","PS_PA_EC_CF_ET_EA_TP_TS",FALSE
"39111_moaB",1344,1367,515.4,"PA_PS_EA_ET_EC_CF_TP_TS","PA_PS_ET_EC_EA_CF_TS_TP",FALSE
"39112_moaA",1343,1366,990.9,"PS_EA_PA_ET_EC_CF_TP_TS","PS_EA_PA_ET_EC_CF_TP_TS",TRUE
"39113_ybhK",1341,1364,909.3,"PS_PA_EA_ET_EC_CF_TP_TS","PS_PA_EC_EA_ET_TP_CF_TS",FALSE
"39115_livF",1339,1362,718.8,"PA_PS_EA_ET_TP_TS_EC_CF","PS_PA_EA_ET_TP_TS_EC_CF",FALSE
"39117_ybhA",1327,1351,819,"PS_PA_ET_EA_EC_CF_TS_TP","PS_PA_EA_ET_EC_CF_TS_TP",FALSE
"39118_acrZ",1323,1347,156.3,"PS_ET_EC_PA_EA_CF_TP_TS","PS_ET_PA_EC_CF_EA_TP_TS",FALSE
"39119_modE",1322,1346,781.2,"PS_PA_ET_EA_EC_CF_TP_TS","PS_PA_ET_EC_EA_CF_TP_TS",FALSE
"39120_fruK",1321,1345,1472.7,"PS_PA_ET_EC_EA_CF_TP_TS","PS_PA_ET_EA_EC_CF_TP_TS",FALSE
"39121_galT",1320,1344,1049.1,"PS_PA_EC_EA_ET_CF_TP_TS","PS_PA_EA_EC_ET_CF_TP_TS",FALSE
"39124_gpmA",1317,1341,753,"PS_PA_EC_ET_CF_EA_TP_TS","PS_EC_PA_ET_CF_EA_TP_TS",FALSE
"39125_aroG",1316,1340,1053.3,"PS_PA_EC_CF_ET_EA_TS_TP","PS_PA_EC_CF_ET_EA_TS_TP",TRUE
"39126_zitB",1312,1336,953.1,"PS_PA_ET_EA_EC_CF_TP_TS","PS_PA_ET_EA_EC_CF_TP_TS",TRUE
"39127_pnuC",1311,1335,716.4,"PS_PA_CF_ET_EC_EA_TP_TS","PS_PA_EC_CF_ET_EA_TP_TS",FALSE
"39132_cpoB",1302,1326,794.1,"PS_ET_PA_EA_EC_CF_TS_TP","ET_EA_PS_PA_EC_CF_TS_TP",FALSE
"39133_pal",1301,1325,523.8,"PS_PA_EA_ET_EC_CF_TS_TP","PS_PA_EA_ET_EC_CF_TS_TP",TRUE
"39134_tolB",1300,1324,1294.8,"PA_PS_ET_EA_EC_CF_TS_TP","PS_PA_ET_EA_CF_EC_TP_TS",FALSE
"39136_tolR",1298,1322,429,"PS_EA_PA_ET_TP_TS_EC_CF","PS_PA_EA_ET_TS_TP_EC_CF",FALSE
"39137_tolQ",1297,1321,688.2,"PS_PA_ET_EC_EA_TS_CF_TP","PS_PA_ET_EC_EA_TS_CF_TP",TRUE
"39143_sucD",1291,1315,874.2,"PS_PA_EC_ET_CF_EA_TS_TP","PS_PA_EC_CF_EA_ET_TS_TP",FALSE
"39145_sucB",1289,1313,1220.1,"PS_PA_ET_EA_EC_CF_TS_TP","PS_ET_PA_EA_EC_CF_TS_TP",FALSE
"39148_sdhA",1286,1310,1749.9,"PS_PA_EC_EA_ET_CF_TS_TP","PS_PA_EC_ET_EA_CF_TS_TP",FALSE
"39149_sdhD",1285,1309,348.3,"PA_EA_ET_PS_EC_CF_TP_TS","PA_EA_ET_PS_EC_CF_TP_TS",TRUE
"39153_hypothetical_protein",1278,1302,737.7,"PS_PA_EA_ET_CF_TP_TS_EC","PS_PA_EA_ET_EC_CF_TP_TS",FALSE
"39155_ybgJ",1276,1300,657,"PS_PA_ET_EC_EA_CF_TP_TS","PS_PA_ET_EC_EA_CF_TS_TP",FALSE
"39156_ybgI",1275,1299,744,"PS_PA_EA_ET_EC_CF_TP_TS","PS_EA_ET_PA_EC_CF_TP_TS",FALSE
"39157_phrB",1274,1298,1437.6,"ET_EA_PS_PA_EC_CF_TS_TP","PS_PA_EA_ET_EC_CF_TP_TS",FALSE
"39160_seqA",1269,1293,547.8,"PS_PA_ET_EA_CF_TS_EC_TP","PS_PA_ET_EA_CF_TS_EC_TP",TRUE
"39164_fldA",1266,1290,531,"PS_PA_ET_EC_EA_CF_TP_TS","PS_PA_ET_EA_EC_TP_CF_TS",FALSE
"39168_glnS",1260,1287,1668,"PS_ET_PA_EC_EA_CF_TP_TS","PS_ET_PA_EA_EC_TP_CF_TS",FALSE
"39169_nagE",1259,1286,1996.5,"PS_PA_TP_TS_EC_EA_ET_CF","PS_PA_TS_TP_EC_ET_EA_CF",FALSE
"39170_nagB",1258,1285,795,"PS_PA_EA_ET_EC_CF_TP_TS","PS_PA_EC_CF_ET_EA_TP_TS",FALSE
"39171_nagA",1257,1284,1150.8,"PS_PA_EC_ET_TS_EA_CF_TP","PS_PA_EA_EC_TS_ET_TP_CF",FALSE
"39172_nagC",1256,1283,1222.8,"PS_PA_EC_EA_CF_ET_TP_TS","PS_PA_EC_EA_CF_ET_TP_TS",TRUE
"39175_ubiF",1247,1274,1185.9,"PS_PA_ET_EA_EC_CF_TS_TP","PS_PA_ET_EA_EC_TP_CF_TS",FALSE
"39177_ybeZ",1245,1272,1054.2,"PS_PA_EC_EA_CF_TP_ET_TS","PS_PA_EC_EA_CF_ET_TP_TS",FALSE
"39178_ybeY",1244,1271,473.4,"EA_ET_EC_PS_CF_PA_TP_TS","EA_ET_EC_PS_CF_PA_TS_TP",FALSE
"39180_lnt",1242,1269,1537.5,"PS_PA_ET_EA_EC_CF_TP_TS","PS_PA_ET_EA_EC_CF_TS_TP",FALSE
"39185_leuS",1236,1263,2583,"PS_PA_EA_ET_EC_TS_CF_TP","PS_PA_ET_EA_TS_EC_TP_CF",FALSE
"39186_lptE",1235,1262,596.1,"PS_PA_EA_ET_CF_TP_TS_EC","PS_PA_ET_EA_TP_TS_CF_EC",FALSE
"39188_nadD",1233,1260,657.6,"PS_PA_EA_ET_TP_CF_EC_TS","PS_PA_EA_ET_TP_CF_EC_TS",TRUE
"39189_rsfS",1232,1259,318,"PS_PA_ET_EC_TS_EA_CF_TP","PS_PA_EC_ET_CF_TS_EA_TP",FALSE
"39192_mrdB",1229,1256,1116.6,"PS_PA_EA_ET_EC_CF_TP_TS","PS_PA_EA_ET_EC_TP_CF_TS",FALSE
"39193_rlpA",1228,1255,1112.4,"PA_PS_EA_ET_EC_CF_TP_TS","PS_PA_EA_ET_EC_CF_TP_TS",FALSE
"39195_hypothetical_protein",1226,1253,264,"PS_ET_EA_PA_TP_CF_TS_EC","PS_ET_PA_EC_EA_CF_TS_TP",FALSE
"39197_lipA",1224,1251,966,"PA_PS_ET_EC_CF_EA_TP_TS","PS_PA_ET_EA_EC_CF_TP_TS",FALSE
"39199_cspE",1219,1245,210,"CF_EC_TS_PA_TP_PS_ET_EA","TS_CF_EC_PA_TP_PS_ET_EA",FALSE
"39297_hypothetical_protein",3611,3628,395.4,"ET_PS_PA_EA_CF_EC_TS_TP","ET_PA_PS_EA_CF_TS_EC_TP",FALSE
"39298_diaA",3610,3627,589.2,"PS_EA_PA_ET_TS_EC_TP_CF","PS_PA_EA_ET_EC_TS_TP_CF",FALSE
"39299_osmY_2",3609,3626,573,"PS_EA_ET_PA_EC_CF_TP_TS","PS_EA_ET_PA_EC_CF_TP_TS",TRUE
"39300_yhaK",3608,3625,706.5,"PS_EC_PA_CF_EA_ET_TP_TS","EC_PS_CF_PA_ET_EA_TP_TS",FALSE
"39303_hypothetical_protein",3604,3621,288.3,"PA_PS_CF_EA_ET_EC_TS_TP","PA_PS_EA_ET_CF_TS_EC_TP",FALSE
"39305_yqjD",3602,3619,306,"ET_PS_PA_EA_EC_CF_TS_TP","ET_PS_PA_EA_EC_CF_TS_TP",TRUE
"39309_alx",3592,3609,978.3,"PS_PA_ET_EA_EC_CF_TP_TS","PS_PA_ET_EA_EC_CF_TS_TP",FALSE
"39311_rlmG",3588,3604,1126.8,"PS_PA_ET_EA_EC_CF_TP_TS","PS_PA_ET_EA_CF_EC_TP_TS",FALSE
"39354_holD",706,695,414,"ET_EA_PS_EC_PA_CF_TS_TP","ET_EA_PS_CF_EC_PA_TP_TS",FALSE
"39356_yjjG",708,697,681.9,"PS_ET_EA_PA_EC_CF_TP_TS","PS_PA_ET_EA_EC_CF_TS_TP",FALSE
"39362_serB",759,770,976.2,"PS_PA_ET_EC_EA_CF_TS_TP","PA_PS_EC_ET_EA_CF_TS_TP",FALSE
"39363_radA",760,771,1383.9,"PS_EA_PA_ET_EC_CF_TS_TP","PS_PA_EA_ET_EC_CF_TS_TP",FALSE
"39364_nadR",761,772,1240.5,"PS_PA_EA_ET_EC_CF_TP_TS","PS_PA_EA_ET_EC_CF_TP_TS",TRUE
"39367_slt",767,778,1929.9,"PS_EA_PA_ET_EC_CF_TP_TS","PS_ET_EA_PA_EC_CF_TP_TS",FALSE
"39369_yjjX",769,780,526.2,"EA_ET_PA_PS_EC_CF_TP_TS","ET_PS_EA_PA_EC_CF_TP_TS",FALSE
"39370_cobC",770,781,647.4,"PS_EA_PA_ET_EC_CF_TS_TP","PS_EA_ET_PA_EC_CF_TS_TP",FALSE
"39371_rob_1",771,782,880.5,"PS_PA_EA_ET_TP_TS_CF_EC","PS_PA_EA_ET_TP_CF_TS_EC",FALSE
"39372_hypothetical_protein",772,783,468.9,"EA_ET_PS_EC_CF_PA_TP_TS","PS_ET_EA_PA_EC_CF_TP_TS",FALSE
"39373_arcA",773,784,717.6,"PS_EC_PA_EA_CF_ET_TS_TP","PS_EC_PA_CF_ET_EA_TP_TS",FALSE
"39375_thrA",775,786,2463,"PS_PA_ET_EA_EC_CF_TS_TP","PS_PA_ET_EA_EC_CF_TS_TP",TRUE
"39378_hypothetical_protein",778,789,775.5,"PS_EC_PA_ET_EA_CF_TS_TP","PS_PA_ET_EC_EA_CF_TS_TP",FALSE
"39379_talB",779,790,954,"PA_PS_ET_EA_EC_TS_CF_TP","PA_PS_EA_ET_CF_EC_TS_TP",FALSE
"39382_dnaK",783,793,1912.2,"PS_EA_PA_CF_ET_EC_TS_TP","PS_EA_ET_PA_CF_TS_EC_TP",FALSE
"39384_nhaA",785,795,1160.1,"PS_PA_EA_CF_ET_EC_TS_TP","PS_ET_EA_PA_CF_EC_TS_TP",FALSE
"39386_ribF",789,800,935.4,"PS_ET_EA_PA_EC_CF_TP_TS","PS_ET_EA_PA_EC_CF_TP_TS",TRUE
"39388_lspA",791,802,506.1,"PS_ET_EA_PA_TP_TS_EC_CF","PS_ET_EA_PA_TP_TS_EC_CF",TRUE
"39389_fkpB",792,803,463.8,"PS_PA_ET_EC_CF_EA_TP_TS","PS_PA_ET_EC_EA_CF_TP_TS",FALSE
"39390_ispH",793,804,953.4,"PS_PA_EA_ET_EC_CF_TP_TS","PS_PA_ET_EA_EC_CF_TS_TP",FALSE
"39393_carB",796,807,3226.2,"PS_PA_EC_CF_EA_ET_TP_TS","PS_PA_EC_CF_ET_EA_TP_TS",FALSE
"39394_folA",799,811,481.8,"PS_PA_ET_EA_EC_CF_TS_TP","PA_PS_EA_ET_EC_CF_TS_TP",FALSE
"39397_rsmA",803,815,823.2,"PS_ET_PA_EA_TP_EC_TS_CF","PS_EA_ET_PA_TP_EC_TS_CF",FALSE
"39398_pdxA",804,816,992.1,"PS_PA_ET_EA_CF_TS_EC_TP","PS_ET_PA_EA_TS_CF_EC_TP",FALSE
"39400_lptD",806,818,2381.1,"PS_PA_ET_EA_CF_TS_EC_TP","PS_PA_ET_EA_TS_EC_CF_TP",FALSE
"39401_djlA",807,819,816.9,"PS_PA_EA_ET_TS_TP_CF_EC","PS_PA_EA_ET_TS_TP_EC_CF",FALSE
"39402_rluA_1",808,820,655.2,"PS_PA_EA_EC_ET_CF_TS_TP","PS_PA_CF_EA_ET_EC_TS_TP",FALSE
"39405_yabI",814,825,765.3,"PS_ET_PA_EA_TP_TS_EC_CF","PS_ET_PA_EA_TP_TS_EC_CF",TRUE
"39407_hypothetical_protein",816,827,1604.1,"PS_ET_EA_PA_EC_CF_TP_TS","PS_ET_EA_PA_EC_CF_TP_TS",TRUE
"39408_thiB",817,828,997.8,"PS_PA_ET_EC_EA_CF_TP_TS","PS_PA_EA_ET_CF_EC_TP_TS",FALSE
"39409_setA",819,830,1181.1,"PS_ET_EA_PA_CF_EC_TP_TS","PS_ET_PA_EA_EC_CF_TP_TS",FALSE
"39410_leuD1",820,831,606,"PA_PS_TP_TS_CF_EC_ET_EA","PS_PA_TS_TP_EC_CF_ET_EA",FALSE
"39411_leuC1",821,832,1401.3,"PS_PA_TS_CF_EC_TP_ET_EA","PS_PA_TS_CF_TP_ET_EA_EC",FALSE
"39412_leuB",822,833,1091.4,"PS_EA_ET_PA_EC_CF_TS_TP","PS_ET_PA_EA_EC_CF_TS_TP",FALSE
"39413_leuA",823,834,1566.6,"PS_PA_EA_ET_TP_EC_CF_TS","PS_PA_EA_ET_TP_EC_TS_CF",FALSE
"39415_ilvH",825,836,492,"PS_PA_EA_ET_CF_TP_TS_EC","PS_PA_EA_ET_CF_TS_EC_TP",FALSE
"39417_mraZ",827,838,465.9,"PS_EA_ET_PA_CF_TS_TP_EC","PS_EA_PA_ET_TP_TS_CF_EC",FALSE
"39418_rsmH",828,839,941.7,"PS_EA_ET_PA_EC_CF_TP_TS","PS_EA_ET_PA_EC_CF_TS_TP",FALSE
"39421_murE",831,842,1489.2,"PS_PA_ET_EA_EC_CF_TP_TS","ET_PA_PS_EA_EC_CF_TP_TS",FALSE
"39423_mraY",833,844,1083,"PS_PA_EA_ET_EC_CF_TS_TP","PS_PA_EA_ET_EC_TS_CF_TP",FALSE
"39426_murG",836,847,1060.5,"PS_PA_ET_EA_TS_CF_EC_TP","PS_PA_ET_EA_TS_EC_CF_TP",FALSE
"39428_ftsQ",839,850,838.2,"EA_ET_PS_PA_TS_TP_EC_CF","ET_EA_PS_PA_TS_TP_EC_CF",FALSE
"39430_ftsZ",841,852,1155.6,"PS_PA_ET_EC_EA_CF_TS_TP","PS_PA_ET_EC_TS_EA_CF_TP",FALSE
"39431_lpxC",842,853,918,"PS_PA_TS_EC_TP_ET_EA_CF","PS_PA_TS_EC_TP_EA_ET_CF",FALSE
"39435_yacG",846,860,199.2,"EA_ET_PA_CF_EC_PS_TS_TP","EA_PA_CF_PS_EC_ET_TP_TS",FALSE
"39436_zapD",847,861,744,"PS_PA_ET_EA_EC_CF_TS_TP","PS_ET_EA_PA_EC_CF_TS_TP",FALSE
"39437_coaE",848,862,613.8,"PS_EA_ET_PA_CF_EC_TP_TS","PS_EA_ET_PA_EC_CF_TP_TS",FALSE
"39438_epsF",850,864,1198.5,"PS_PA_ET_EA_CF_EC_TP_TS","PS_PA_ET_EA_EC_TP_CF_TS",FALSE
"39439_gspE",851,865,1388.4,"PA_PS_EA_ET_TP_TS_EC_CF","PS_PA_EA_ET_TP_EC_TS_CF",FALSE
"39440_hypothetical_protein",852,866,445.8,"ET_PS_EA_PA_EC_CF_TS_TP","PS_EA_ET_EC_PA_CF_TS_TP",FALSE
"39445_ampD",854,868,565.2,"PS_CF_EC_PA_EA_ET_TP_TS","PS_PA_CF_EA_ET_EC_TP_TS",FALSE
"39446_ampE",855,869,855,"PS_PA_EA_TP_ET_EC_CF_TS","PS_PA_EA_EC_ET_TP_CF_TS",FALSE
"39448_pdhR",859,873,765,"PS_PA_EA_ET_CF_EC_TP_TS","PS_PA_EA_ET_EC_CF_TP_TS",FALSE
"39451_lpdA",862,876,1425.6,"PS_CF_EC_ET_EA_PA_TS_TP","PS_EC_CF_PA_EA_ET_TP_TS",FALSE
"39453_acnB",866,884,2633.1,"PS_PA_EC_ET_CF_EA_TS_TP","PS_PA_EC_ET_CF_EA_TS_TP",TRUE
"39454_hypothetical_protein",868,885,364.5,"PS_ET_PA_EA_CF_EC_TP_TS","PS_ET_PA_EC_EA_CF_TP_TS",FALSE
"39458_cueO",881,890,1608.6,"PS_PA_EA_ET_EC_CF_TS_TP","PS_PA_EA_ET_EC_CF_TP_TS",FALSE
"39461_yadH",887,895,771,"PS_PA_EA_ET_EC_CF_TP_TS","PS_PA_EA_ET_EC_CF_TP_TS",TRUE
"39463_hypothetical_protein",1932,1901,766.8,"PS_PA_ET_EA_TP_TS_EC_CF","PS_PA_EA_ET_TP_TS_EC_CF",FALSE
"39464_hypothetical_protein",1929,1898,879.6,"PS_PA_ET_EA_EC_CF_TS_TP","PS_PA_ET_EA_EC_CF_TS_TP",TRUE
"39467_ydjM",1924,1893,589.2,"PS_ET_PA_EA_EC_CF_TS_TP","PS_PA_EC_CF_ET_EA_TP_TS",FALSE
"39469_osmE",1920,1889,338.7,"PS_EA_PA_ET_TP_TS_CF_EC","PS_ET_PA_EA_TP_CF_TS_EC",FALSE
"39471_nadE",1918,1887,828.3,"PS_PA_ET_EC_EA_TP_TS_CF","PS_PA_ET_EC_TP_EA_TS_CF",FALSE
"39504_yfcA",2932,2904,797.7,"PS_EA_ET_PA_TS_EC_TP_CF","PS_EA_ET_PA_EC_TP_CF_TS",FALSE
"39508_fabB",2928,2900,1220.1,"PS_CF_PA_EC_ET_TP_EA_TS","PS_CF_PA_EC_TP_ET_EA_TS",FALSE
"39515_usg",2920,2892,1010.7,"PS_ET_PA_EA_EC_CF_TP_TS","PS_ET_PA_EA_EC_CF_TP_TS",TRUE
"39516_truA",2919,2891,814.5,"PS_EA_ET_EC_PA_CF_TP_TS","PS_ET_EA_PA_EC_CF_TP_TS",FALSE
"39517_dedA",2918,2890,660.9,"PS_PA_ET_EA_CF_EC_TP_TS","PS_ET_PA_EA_CF_EC_TS_TP",FALSE
"39518_accD",2917,2889,911.4,"PS_EA_EC_PA_ET_CF_TP_TS","PS_PA_EC_EA_ET_CF_TP_TS",FALSE
"39519_folC",2916,2888,1269.6,"PS_PA_ET_EA_EC_TP_CF_TS","PS_EA_PA_ET_EC_TP_CF_TS",FALSE
"39522_cvpA",2914,2886,496.2,"ET_PS_EA_PA_EC_TP_CF_TS","ET_PS_EA_PA_EC_TP_TS_CF",FALSE
"39523_purF",2913,2885,1518,"PS_PA_ET_EA_EC_CF_TS_TP","PS_PA_ET_EA_EC_CF_TP_TS",FALSE
"39524_ubiX",2908,2881,572.7,"PS_EA_ET_PA_EC_TS_CF_TP","PS_EA_ET_PA_EC_TS_TP_CF",FALSE
"39525_argT_5",2907,2880,781.8,"PS_PA_EA_ET_TS_TP_EC_CF","PA_PS_EA_ET_TP_TS_CF_EC",FALSE
"39526_hisQ",2906,2879,685.5,"PS_PA_EA_ET_EC_CF_TP_TS","PS_PA_ET_EA_EC_CF_TP_TS",FALSE
"39527_hisM",2905,2878,713.7,"PS_PA_EA_ET_EC_CF_TP_TS","PS_PA_ET_EC_EA_CF_TP_TS",FALSE
"39530_pta",2893,2866,2169.3,"PS_ET_PA_EA_EC_CF_TP_TS","PS_ET_PA_EA_EC_CF_TP_TS",TRUE
"39532_hypothetical_protein",2891,2864,452.4,"PS_EA_ET_PA_CF_EC_TP_TS","PS_EA_ET_PA_TS_CF_TP_EC",FALSE
"39533_yfbR",2887,2860,600.9,"PS_EA_ET_PA_CF_EC_TS_TP","PS_ET_EA_PA_EC_CF_TP_TS",FALSE
"39534_alaA",2886,2859,1217.7,"PS_PA_EC_ET_EA_TP_TS_CF","PS_PA_EC_EA_ET_TS_CF_TP",FALSE
"39536_ndhC",2884,2856,441.6,"PS_PA_EC_EA_ET_CF_TP_TS","PS_EA_PA_ET_EC_CF_TP_TS",FALSE
"39539_nuoE",2881,2853,513.3,"PS_PA_ET_EA_TP_CF_EC_TS","PS_ET_PA_EA_TP_CF_EC_TS",FALSE
"39540_nuoF",2880,2852,1343.1,"PS_PA_EA_ET_TP_CF_EC_TS","PS_ET_EA_PA_TP_EC_CF_TS",FALSE
"39541_nuoG",2879,2851,2728.2,"PS_PA_EA_ET_CF_EC_TP_TS","PS_PA_EA_ET_CF_EC_TP_TS",TRUE
"39543_nuoI",2877,2849,543,"PS_EA_ET_CF_PA_EC_TS_TP","PS_ET_EA_CF_PA_EC_TS_TP",FALSE
"39544_nuoJ",2876,2848,553.5,"PS_PA_EA_ET_EC_CF_TS_TP","PS_PA_EA_ET_EC_TS_CF_TP",FALSE
"39545_nuoK",2875,2847,303,"PA_ET_PS_EA_TP_CF_EC_TS","PA_ET_PS_EA_TP_CF_EC_TS",TRUE
"39546_nuoL",2874,2846,1839,"PS_ET_EA_PA_EC_CF_TP_TS","PS_PA_ET_EA_EC_CF_TP_TS",FALSE
"39547_nuoM",2873,2845,1536.3,"PS_PA_ET_EA_EC_CF_TP_TS","PS_PA_ET_EA_EC_CF_TP_TS",TRUE
"39548_nuoN",2872,2844,1458,"PS_PA_EA_ET_EC_CF_TS_TP","PS_PA_ET_EA_EC_CF_TP_TS",FALSE
"39549_hypothetical_protein",1846,3003,480.3,"MG_PA_ET_PS_EC_CF_TP_TS","MC_CF_ET_PA_PS_EC_TS_TP",FALSE
"39550_blc",3681,3697,532.8,"PS_PA_EA_ET_EC_CF_TP_TS","PS_PA_EA_ET_EC_CF_TP_TS",TRUE
"39553_mdoD",2869,2841,1655.4,"PS_PA_EA_ET_EC_TS_CF_TP","PS_PA_EA_ET_EC_TS_TP_CF",FALSE
"39554_hypothetical_protein",2859,2832,1200.6,"PS_PA_ET_EA_EC_CF_TP_TS","PS_PA_ET_EA_EC_CF_TP_TS",TRUE
"39555_hypothetical_protein",2856,2831,261.6,"EA_PA_ET_PS_EC_CF_TP_TS","PA_EA_ET_PS_EC_CF_TP_TS",FALSE
"39556_nrdB",2855,2830,1131,"PS_ET_EC_PA_EA_CF_TS_TP","PS_ET_PA_EC_CF_EA_TS_TP",FALSE
"39557_nrdA",2854,2829,2284.8,"PS_PA_EC_EA_ET_CF_TS_TP","PS_PA_EC_EA_ET_CF_TS_TP",TRUE
"39558_ubiG",2845,2817,726.6,"PS_EA_ET_PA_TS_EC_TP_CF","PS_EA_PA_ET_TS_TP_EC_CF",FALSE
"39562_proY",1096,1117,1360.2,"PS_PA_EA_ET_EC_CF_TP_TS","PS_PA_EC_EA_CF_ET_TP_TS",FALSE
"39563_brnQ",1095,1116,1326,"PS_PA_ET_EA_TP_EC_TS_CF","PS_PA_EA_ET_TS_TP_EC_CF",FALSE
"39565_phoR",1092,1113,1314.3,"PS_PA_ET_EA_EC_CF_TP_TS","PS_PA_ET_EA_EC_CF_TP_TS",TRUE
"39566_phoB",1091,1112,690,"PS_PA_EA_ET_EC_CF_TP_TS","PS_PA_ET_EA_EC_CF_TP_TS",FALSE
"39573_ppnP",1085,1106,287.7,"PS_PA_CF_EA_EC_ET_TS_TP","PS_PA_EA_CF_EC_ET_TS_TP",FALSE
"39574_aroL",1082,1103,527.1,"PS_ET_PA_EA_EC_TS_TP_CF","PS_PA_ET_EA_EC_TP_CF_TS",FALSE
"39577_proC_1",1077,1098,812.4,"PS_PA_EA_ET_EC_TP_CF_TS","PS_PA_EA_ET_EC_CF_TP_TS",FALSE
"39587_osmC",3216,3239,430.5,"PS_ET_PA_TP_TS_EA_CF_EC","PS_PA_TP_ET_TS_EA_CF_EC",FALSE
"39590_adhA",253,239,1019.1,"EA_EC_ET_TP_PA_TS_PS_CF","EA_ET_EC_PA_TP_TS_PS_CF",FALSE
"39621_cynT",885,893,641.7,"EC_CF_ET_PS_TP_PA_EA_TS","EC_PA_TP_PS_CF_ET_TS_EA",FALSE
"39643_ybiI",1762,1750,266.4,"PS_PA_TS_TP_ET_EA_EC_CF","PA_PS_TP_TS_ET_EA_EC_CF",FALSE
"39655_ygjP",3589,3605,504.6,"PS_ET_PA_EA_CF_EC_TP_TS","PS_ET_PA_EA_CF_EC_TP_TS",TRUE
"39662_hypothetical_protein",2038,2012,341.7,"PA_ET_PS_EA_TP_EC_CF_TS","PS_PA_ET_EA_TP_EC_CF_TS",FALSE
"39664_bioD1",2031,2005,687.3,"EC_EA_ET_CF_PA_PS_TP_TS","EC_EA_ET_PS_PA_CF_TS_TP",FALSE
"39665_hcaR",2029,2003,896.4,"PA_PS_ET_EC_EA_CF_TP_TS","PA_PS_ET_EA_TP_EC_CF_TS",FALSE
"39669_fnr",2136,2131,752.1,"PS_PA_CF_EC_TS_EA_TP_ET","PS_PA_CF_EC_EA_TP_TS_ET",FALSE
"39675_rstB",2144,2139,1302.6,"PS_ET_PA_EA_TP_TS_EC_CF","PS_PA_ET_EA_TP_TS_EC_CF",FALSE
"39680_azoR",2149,2143,604.5,"PS_PA_EC_ET_CF_TP_EA_TS","PS_PA_CF_EC_TP_ET_TS_EA",FALSE
"39682_hypothetical_protein",2152,2146,2616.9,"PS_PA_ET_EA_EC_CF_TP_TS","PS_PA_ET_EA_EC_CF_TP_TS",TRUE
"39683_ldhA",2153,2148,993.3,"PS_PA_EC_CF_ET_EA_TP_TS","PS_EC_EA_PA_ET_CF_TP_TS",FALSE
"39684_hypothetical_protein",2154,2149,272.7,"PS_PA_TP_EA_ET_TS_CF_EC","PS_PA_ET_TP_TS_EA_EC_CF",FALSE
"39685_ttcA",2160,2177,925.2,"PS_EA_PA_ET_EC_CF_TP_TS","PS_PA_ET_EC_EA_CF_TP_TS",FALSE
"39686_zntB",2162,2179,991.5,"PS_PA_EA_ET_EC_CF_TS_TP","PS_PA_EA_ET_EC_TS_CF_TP",FALSE
"39687_tpx",2166,2183,504.6,"PS_PA_EA_ET_CF_EC_TS_TP","PA_PS_EA_CF_ET_EC_TP_TS",FALSE
"39689_hypothetical_protein",2170,2188,1067.7,"PS_PA_EA_ET_EC_CF_TP_TS","PS_PA_ET_EA_EC_CF_TP_TS",FALSE
"39692_pspC",2173,2191,356.7,"EA_ET_PS_EC_CF_PA_TP_TS","ET_EA_PS_EC_CF_PA_TP_TS",FALSE
"39693_pspB",2174,2192,229.2,"PS_PA_ET_EA_TP_EC_CF_TS","PS_PA_ET_EA_TP_EC_CF_TS",TRUE
"39694_pspA",2175,2193,669,"PS_PA_EA_EC_CF_ET_TS_TP","PS_PA_EC_EA_ET_CF_TS_TP",FALSE
"39695_pspF",2176,2194,1000.2,"PS_PA_EA_EC_ET_CF_TS_TP","PS_PA_EC_EA_ET_CF_TS_TP",FALSE
"39696_sapA",2179,2196,1635.6,"PS_EA_PA_ET_EC_CF_TS_TP","PS_ET_PA_EA_EC_CF_TP_TS",FALSE
"39697_sapB",2180,2197,966,"PS_PA_ET_EA_EC_TP_CF_TS","PS_PA_ET_EA_EC_CF_TP_TS",FALSE
"39701_sapF",2183,2200,806.1,"PS_PA_ET_EC_EA_TP_CF_TS","PS_PA_ET_EA_EC_TP_TS_CF",FALSE
"39705_rnb",2197,2216,1934.7,"PS_ET_PA_EA_EC_TP_CF_TS","PS_ET_PA_EA_EC_TP_CF_TS",TRUE
"39709_yciH",2205,2224,324.6,"PS_PA_EC_EA_TP_CF_TS_ET","PS_PA_EC_TP_EA_TS_CF_ET",FALSE
"39711_lapB",2207,2226,1170,"PS_PA_EA_ET_CF_EC_TS_TP","PS_PA_EA_ET_CF_EC_TS_TP",TRUE
"39712_lapA",2208,2227,306.6,"ET_PS_EA_PA_TP_TS_CF_EC","PS_ET_EA_PA_TS_TP_CF_EC",FALSE
"39713_pgpB",2209,2228,758.1,"PA_PS_CF_EA_EC_ET_TP_TS","PA_PS_CF_EC_EA_ET_TP_TS",FALSE
"39714_ribA",2210,2229,594.9,"PS_PA_EA_EC_CF_ET_TS_TP","PS_PA_EC_EA_ET_CF_TS_TP",FALSE
"39716_cysB",2213,2232,979.8,"PS_PA_EC_ET_EA_CF_TS_TP","PS_PA_ET_EA_CF_TS_EC_TP",FALSE
"39717_topA_2",2214,2233,2599.2,"PS_EA_PA_ET_EC_CF_TP_TS","PS_EA_ET_PA_EC_CF_TP_TS",FALSE
"39721_rluB",2219,2238,889.2,"EA_ET_PS_PA_EC_CF_TS_TP","EA_ET_PS_CF_PA_EC_TS_TP",FALSE
"39722_yciO",2220,2240,625.8,"PA_PS_ET_EA_TS_EC_CF_TP","PA_PS_ET_EA_EC_CF_TP_TS",FALSE
"39723_yciV",2221,2241,892.8,"PS_ET_EA_PA_EC_CF_TP_TS","PS_ET_EA_PA_EC_TP_CF_TS",FALSE
"39731_ompW",2229,2250,633.6,"PS_PA_EA_ET_TP_TS_EC_CF","PS_PA_ET_EA_TP_TS_EC_CF",FALSE
"39734_putative_acyl-CoA_th..",2234,2254,418.5,"PA_PS_EA_ET_TS_TP_EC_CF","PS_PA_EA_ET_TP_EC_TS_CF",FALSE
"39743_hypothetical_protein",2240,2260,325.2,"PS_PA_EA_ET_TP_CF_TS_EC","PS_PA_EA_TP_ET_TS_CF_EC",FALSE
"39745_oppD",2242,2262,1010.1,"PS_PA_EA_ET_EC_CF_TP_TS","PS_PA_ET_EA_EC_CF_TS_TP",FALSE
"39746_oppC",2243,2263,909,"PA_EA_ET_PS_EC_CF_TP_TS","EA_PS_PA_ET_EC_CF_TP_TS",FALSE
"39747_oppB",2244,2264,921,"PS_EA_ET_PA_CF_EC_TS_TP","EA_PS_ET_PA_EC_CF_TS_TP",FALSE
"39752_hns_1",2250,2270,408.9,"EA_CF_ET_EC_PS_PA_TP_TS","CF_EA_EC_ET_PS_PA_TP_TS",FALSE
"39756_purU",2257,2277,847.8,"PS_PA_ET_EA_TP_EC_TS_CF","PS_ET_PA_EA_EC_TP_TS_CF",FALSE
"39765_queA",1100,1120,1064.4,"PS_PA_CF_EA_ET_EC_TP_TS","PS_PA_CF_EA_EC_ET_TP_TS",FALSE
"39766_tgt",1101,1121,1129.2,"PS_PA_CF_ET_EC_EA_TP_TS","PS_PA_CF_EC_ET_EA_TP_TS",FALSE
"39767_yajC",1102,1122,332.4,"PS_PA_EA_TS_CF_TP_EC_ET","PS_PA_TS_CF_EC_TP_EA_ET",FALSE
"39768_secD",1103,1123,1815,"PS_PA_ET_EA_EC_CF_TP_TS","PS_PA_ET_EA_EC_CF_TP_TS",TRUE
"39769_secF",1104,1124,969.6,"PS_TS_EA_CF_EC_ET_PA_TP","PS_TS_PA_TP_EC_ET_CF_EA",FALSE
"39771_ygaU",1794,1786,440.7,"EC_PS_TP_TS_CF_ET_PA_EA","PS_EC_TP_ET_CF_TS_PA_EA",FALSE
"39772_nrdR",1106,1126,450.9,"PA_EA_PS_ET_EC_CF_TP_TS","PA_PS_EA_ET_CF_EC_TP_TS",FALSE
"39773_ribD",1107,1127,1104,"PS_PA_ET_EA_EC_CF_TS_TP","PS_PA_ET_EA_EC_CF_TS_TP",TRUE
"39774_ribE",1108,1128,471,"PS_PA_ET_TP_TS_EA_CF_EC","PS_PA_ET_TP_TS_EA_CF_EC",TRUE
"39775_nusB",1109,1129,417.3,"PS_PA_ET_EA_TP_CF_TS_EC","PS_PA_ET_EA_TP_CF_EC_TS",FALSE
"39776_thiL",1110,1130,977.4,"PS_PA_EA_ET_CF_TP_TS_EC","PS_PA_ET_EA_TP_CF_TS_EC",FALSE
"39778_dxs",1114,1132,1865.4,"PS_PA_EA_ET_EC_TP_CF_TS","PS_PA_ET_EA_TP_EC_CF_TS",FALSE
"39779_ispA",1115,1133,900,"PS_PA_EA_ET_EC_CF_TP_TS","PS_PA_EA_ET_EC_CF_TP_TS",TRUE
"39781_thiI",1117,1135,1449,"PS_PA_EA_ET_EC_CF_TS_TP","PS_PA_ET_EC_EA_CF_TP_TS",FALSE
"39797_mobA",4,4159,579.9,"PS_CF_ET_PA_EC_EA_TS_TP","PS_ET_EC_PA_EA_CF_TP_TS",FALSE
"39800_dsbA",1,4156,628.8,"PS_PA_ET_EA_EC_CF_TS_TP","PS_ET_EA_PA_EC_CF_TS_TP",FALSE
"39805_hypothetical_protein",4017,4129,864,"PS_EA_ET_PA_EC_TP_CF_TS","PS_EA_ET_PA_EC_CF_TP_TS",FALSE
"39808_rph",4012,4124,717,"PS_ET_PA_EA_EC_CF_TP_TS","PS_PA_ET_EC_EA_TS_TP_CF",FALSE
"39809_pyrE",4011,4123,642,"PS_PA_EA_CF_EC_ET_TS_TP","PS_PA_ET_EA_CF_TP_EC_TS",FALSE
"39810_slmA",4010,4122,597,"PS_ET_EA_EC_PA_TS_TP_CF","PS_EA_ET_EC_PA_TS_TP_CF",FALSE
"39811_dut",4009,4121,459,"PA_PS_CF_ET_EC_TP_TS_EA","PS_PA_ET_CF_EC_EA_TP_TS",FALSE
"39813_hypothetical_protein",4007,4119,660.6,"PS_PA_ET_EA_TP_CF_EC_TS","PS_PA_ET_EA_TP_EC_CF_TS",FALSE
"39814_rpmB",4006,4118,237,"PS_EC_PA_EA_ET_CF_TS_TP","PS_EC_PA_EA_ET_CF_TS_TP",TRUE
"39815_rpmG",4005,4117,168,"PA_TP_PS_TS_ET_EA_EC_CF","PS_PA_TP_ET_TS_EA_EC_CF",FALSE
"39816_mutM",4004,4116,810,"PS_PA_EA_ET_EC_CF_TP_TS","PS_PA_ET_EA_EC_CF_TP_TS",FALSE
"39817_coaD",4003,4115,480.9,"EA_PS_PA_ET_EC_CF_TP_TS","EA_PA_PS_ET_EC_CF_TP_TS",FALSE
"39827_rfaC",3989,4104,971.7,"PS_EA_PA_ET_TP_EC_TS_CF","PS_PA_EA_ET_TP_EC_TS_CF",FALSE
"39832_yibN",3980,4095,432,"PS_EA_PA_ET_TP_TS_EC_CF","PS_EA_PA_ET_TP_TS_EC_CF",TRUE
"39833_grxC",3979,4094,253.2,"PS_CF_EC_PA_ET_EA_TS_TP","PS_PA_EC_CF_ET_EA_TS_TP",FALSE
"39834_secB",3978,4093,463.8,"PS_EC_PA_CF_TP_EA_TS_ET","PS_PA_EC_CF_EA_ET_TP_TS",FALSE
"39835_gpsA",3977,4092,1019.4,"PS_PA_EA_EC_ET_CF_TP_TS","PS_PA_EC_CF_ET_EA_TP_TS",FALSE
"39836_cysE",3976,4091,821.7,"PS_PA_ET_EC_CF_EA_TP_TS","PS_PA_EC_EA_ET_CF_TS_TP",FALSE
"39837_trmL_2",3975,4090,473.4,"PA_PS_EC_EA_ET_CF_TP_TS","PA_PS_EC_EA_CF_ET_TS_TP",FALSE
"39838_cpxA",3974,4089,1377,"PS_PA_ET_EA_EC_CF_TS_TP","PS_PA_ET_EA_EC_TS_CF_TP",FALSE
"39839_cpxR_2",3973,4088,699,"PA_PS_ET_EC_EA_CF_TP_TS","PS_PA_EC_EA_ET_CF_TP_TS",FALSE
"39842_pfkA",3970,4085,963,"PS_PA_EA_ET_EC_CF_TS_TP","PS_EA_ET_PA_EC_CF_TP_TS",FALSE
"39843_sbp",3969,4084,990,"ET_PS_EA_PA_EC_CF_TP_TS","ET_PS_PA_EA_EC_CF_TP_TS",FALSE
"39844_cdh",3968,4083,762.6,"PS_ET_EA_TS_EC_TP_CF_PA","PS_TP_ET_TS_EA_EC_CF_PA",FALSE
"39845_tpiA",3967,4082,768,"ET_PS_EA_PA_EC_CF_TS_TP","PS_ET_EA_PA_EC_CF_TP_TS",FALSE
"39846_hypothetical_protein",3966,4081,601.5,"PS_PA_EA_ET_CF_EC_TP_TS","PS_EA_PA_ET_EC_CF_TP_TS",FALSE
"39847_fpr",3964,4079,747,"PS_PA_CF_EC_ET_EA_TP_TS","PS_PA_EC_CF_EA_ET_TP_TS",FALSE
"39848_glpX",3962,4077,1007.1,"PS_EA_ET_PA_CF_EC_TP_TS","PS_ET_EA_PA_CF_EC_TP_TS",FALSE
"39851_zapB",3959,4074,240,"PS_ET_EA_PA_TP_TS_CF_EC","PS_ET_EA_PA_TP_TS_CF_EC",TRUE
"39853_hslU",3956,4071,1332.9,"PS_EC_ET_PA_CF_EA_TP_TS","PS_ET_EC_CF_PA_EA_TP_TS",FALSE
"39854_hslV",3955,4070,529.5,"ET_EA_PA_EC_CF_PS_TS_TP","ET_EA_EC_PA_PS_CF_TS_TP",FALSE
"39857_priA",3952,4067,2196.9,"PS_ET_EA_PA_CF_EC_TP_TS","PS_ET_EA_PA_EC_CF_TP_TS",FALSE
"39858_rpmE",3951,4066,213.6,"ET_EA_CF_EC_TP_TS_PS_PA","ET_EA_CF_EC_TP_TS_PS_PA",TRUE
"39860_metB",3949,4064,1167.9,"PS_ET_PA_EA_EC_CF_TS_TP","PS_ET_PA_EA_CF_TS_EC_TP",FALSE
"39863_argE_2",3944,4059,1156.5,"PS_ET_EA_PA_EC_CF_TP_TS","PS_ET_EA_PA_EC_CF_TP_TS",TRUE
"39865_argB",3942,4057,776.7,"PS_PA_EC_EA_CF_ET_TS_TP","PS_PA_EC_EA_ET_CF_TS_TP",FALSE
"39867_argH",3940,4055,1374.9,"PS_ET_PA_EA_EC_CF_TP_TS","PS_PA_ET_EA_EC_CF_TP_TS",FALSE
"39869_oxyR",3938,4051,915,"PS_PA_EC_ET_EA_CF_TS_TP","PS_PA_EC_EA_ET_CF_TS_TP",FALSE
"39870_sthA",3937,4050,1401,"PS_PA_EA_EC_ET_CF_TP_TS","PS_PA_EA_EC_ET_CF_TP_TS",TRUE
"39871_fabR",3936,4049,646.2,"PA_EA_PS_ET_TP_TS_CF_EC","PS_PA_EA_TS_ET_TP_EC_CF",FALSE
"39872_yijD",3935,4048,353.1,"PS_PA_EA_ET_TP_TS_EC_CF","PA_PS_EA_TP_TS_ET_EC_CF",FALSE
"39873_trmA",3934,4047,1103.4,"PA_PS_EA_ET_EC_CF_TP_TS","PS_PA_EA_ET_EC_CF_TP_TS",FALSE
"39874_murI",3932,4045,841.8,"PS_PA_EA_ET_EC_CF_TS_TP","PS_PA_ET_CF_EC_EA_TS_TP",FALSE
"39904_recF",69,38,1083.6,"PS_ET_EA_PA_EC_CF_TS_TP","PS_ET_EA_PA_EC_CF_TS_TP",TRUE
"39908_yidA",72,40,812.1,"ET_EA_PS_PA_EC_CF_TS_TP","PS_EA_ET_PA_EC_CF_TP_TS",FALSE
"39913_hypothetical_protein",73,48,1271.4,"PS_ET_EA_PA_EC_CF_TS_TP","PS_ET_EA_PA_CF_EC_TP_TS",FALSE
"39916_eamA",76,51,900.9,"PS_PA_EC_CF_TP_TS_ET_EA","PS_PA_EC_TP_CF_TS_ET_EA",FALSE
"39918_tkrA",80,55,973.8,"ET_PS_EA_PA_CF_EC_TS_TP","PS_ET_EA_CF_EC_PA_TS_TP",FALSE
"39919_hypothetical_protein",83,58,747,"ET_PA_PS_EA_CF_EC_TP_TS","PS_ET_EA_PA_EC_CF_TP_TS",FALSE
"39920_kdgR",84,59,1026.3,"PS_PA_EA_ET_EC_CF_TS_TP","PS_PA_EA_ET_CF_EC_TS_TP",FALSE
"39925_ssuE",1514,1528,558,"EA_ET_PS_PA_EC_TP_CF_TS","PS_EA_ET_PA_EC_TP_CF_TS",FALSE
"39927_hemB",289,276,977.1,"PS_PA_EC_ET_EA_CF_TS_TP","PS_PA_ET_EA_EC_CF_TS_TP",FALSE
"39929_hypothetical_protein",307,295,556.5,"PS_PA_ET_EA_CF_EC_TS_TP","PS_PA_ET_EA_CF_EC_TS_TP",TRUE
"39930_yhhQ",308,296,667.2,"PA_PS_EA_ET_CF_EC_TS_TP","PS_PA_ET_EA_CF_EC_TS_TP",FALSE
"39931_tusA",309,297,248.7,"ET_EA_PS_EC_PA_TP_CF_TS","EA_ET_PS_EC_PA_CF_TP_TS",FALSE
"39935_rsmD",313,301,603.3,"PA_PS_EC_ET_EA_CF_TS_TP","PS_PA_ET_EC_EA_CF_TS_TP",FALSE
"39937_ftsE",315,303,665.7,"PS_PA_ET_EA_CF_EC_TP_TS","PS_PA_EA_ET_CF_EC_TS_TP",FALSE
"39938_ftsX",316,304,1009.2,"PS_PA_ET_EA_TP_TS_EC_CF","PS_PA_ET_EA_TS_TP_EC_CF",FALSE
"39939_rpoH",317,305,857.1,"PS_PA_ET_EA_TP_EC_CF_TS","PS_ET_EA_PA_EC_TP_CF_TS",FALSE
"39940_ugpB",324,312,1318.2,"PS_PA_EC_CF_EA_ET_TP_TS","PS_EC_PA_EA_ET_CF_TP_TS",FALSE
"39941_ugpA",325,313,888,"PS_EC_PA_ET_EA_CF_TP_TS","PS_PA_EC_ET_CF_EA_TP_TS",FALSE
"39942_lacG",326,314,846,"PS_PA_EA_ET_EC_CF_TS_TP","PS_PA_EA_ET_EC_CF_TS_TP",TRUE
"39943_ugpC_1",327,315,1073.1,"PA_PS_ET_EA_EC_CF_TP_TS","PS_PA_ET_EA_EC_CF_TP_TS",FALSE
"39944_ugpQ",328,316,742.8,"PS_PA_ET_EA_EC_CF_TP_TS","PS_PA_ET_EA_EC_CF_TP_TS",TRUE
"39946_yhhW_1",332,320,696,"PS_PA_EA_ET_EC_CF_TP_TS","PA_PS_ET_EA_EC_CF_TS_TP",FALSE
"39947_gntR_2",333,321,1002.9,"PS_PA_ET_EA_CF_TP_TS_EC","PS_PA_ET_EA_CF_TP_TS_EC",TRUE
"39951_asd",337,325,1108.5,"PS_PA_EA_ET_EC_CF_TS_TP","PS_EA_PA_EC_ET_CF_TS_TP",FALSE
"39952_glpD",343,331,1520.1,"PS_PA_ET_EA_EC_CF_TS_TP","PS_PA_ET_EA_EC_CF_TP_TS",FALSE
"39954_glpG",345,333,826.8,"PS_ET_PA_EA_TP_EC_TS_CF","PS_PA_ET_EA_TP_TS_EC_CF",FALSE
"39955_glpR",346,334,763.8,"PS_PA_EA_ET_EC_CF_TP_TS","PS_PA_EA_ET_EC_CF_TP_TS",TRUE
"39956_nfuA",350,338,576,"PS_ET_EA_PA_EC_CF_TP_TS","PS_ET_PA_EA_CF_EC_TS_TP",FALSE
"39958_bioH",352,340,773.7,"ET_PS_PA_EA_CF_EC_TP_TS","ET_PA_PS_CF_EA_EC_TP_TS",FALSE
"39962_greB",359,346,480.9,"EA_ET_PA_PS_CF_EC_TP_TS","PA_EC_PS_EA_ET_CF_TP_TS",FALSE
"39964_envZ",362,349,1357.5,"PS_PA_ET_EA_EC_CF_TP_TS","PS_PA_ET_EA_EC_CF_TP_TS",TRUE
"39971_hypothetical_protein",371,358,817.2,"ET_EA_PS_PA_TS_TP_CF_EC","ET_PS_PA_EA_TP_TS_CF_EC",FALSE
"39976_aroB",377,364,1088.4,"PS_PA_ET_EA_EC_CF_TS_TP","PS_ET_PA_EA_EC_CF_TP_TS",FALSE
"39978_dam_1",379,366,826.2,"PS_PA_ET_EA_EC_TP_TS_CF","PS_PA_ET_EA_EC_TS_TP_CF",FALSE
"39982_tsgA",387,376,1173.3,"PS_PA_EA_ET_EC_TS_CF_TP","PS_PA_EA_ET_EC_TS_CF_TP",TRUE
"39984_trpG",391,380,577.8,"PA_EA_PS_ET_CF_EC_TS_TP","EA_PS_PA_ET_CF_EC_TP_TS",FALSE
"39987_crp",394,383,633,"PA_EA_ET_PS_CF_EC_TS_TP","EA_ET_PA_PS_EC_CF_TS_TP",FALSE
"39988_yhfA",395,384,406.2,"EA_PS_ET_PA_CF_TP_TS_EC","EA_ET_PS_PA_EC_TP_TS_CF",FALSE
"39990_hypothetical_protein",397,386,219.9,"EA_PS_ET_EC_PA_CF_TP_TS","EA_PS_ET_EC_PA_CF_TP_TS",TRUE
"39991_hypothetical_protein",398,387,1021.2,"ET_EA_PS_PA_EC_TS_TP_CF","EA_ET_PS_PA_EC_TP_TS_CF",FALSE
"39993_yheS",406,395,1904.7,"PS_ET_EA_PA_CF_EC_TS_TP","PS_ET_EA_PA_EC_CF_TS_TP",FALSE
"39994_ywrO",407,396,552,"PS_EA_ET_PA_EC_CF_TS_TP","EA_PS_ET_PA_EC_CF_TS_TP",FALSE
"39996_hypothetical_protein",409,398,196.2,"PS_PA_ET_EA_CF_EC_TP_TS","PS_PA_ET_EA_EC_CF_TP_TS",FALSE
"39998_slyX",411,400,219,"PS_ET_EA_TP_EC_CF_PA_TS","PS_ET_EA_EC_TP_PA_CF_TS",FALSE
"39999_fkpA",412,401,826.2,"PS_PA_ET_EA_CF_EC_TP_TS","PS_PA_ET_EA_EC_CF_TP_TS",FALSE
"40000_dauR",413,402,722.4,"PS_PA_EC_ET_EA_CF_TS_TP","PS_PA_ET_EC_CF_EA_TS_TP",FALSE
"40001_tusD",414,403,386.4,"PS_PA_EC_ET_EA_CF_TP_TS","PS_PA_EC_TP_ET_CF_EA_TS",FALSE
"40002_tusC",415,404,360,"PS_EA_PA_ET_EC_TS_CF_TP","PS_EA_PA_ET_EC_TS_CF_TP",TRUE
"40003_tusB",416,405,288,"PS_EC_EA_ET_PA_CF_TP_TS","PS_EA_EC_ET_PA_TP_CF_TS",FALSE
"40004_rpsL",417,406,375,"PA_PS_EA_ET_TS_EC_TP_CF","PA_PS_EA_ET_TS_EC_TP_CF",TRUE
"40005_rpsG",418,407,471,"PS_CF_EC_EA_ET_TS_PA_TP","ET_EC_EA_PS_CF_TS_PA_TP",FALSE
"40014_rcsB",2842,2814,650.4,"PS_EA_PA_ET_EC_TP_CF_TS","PS_EA_PA_ET_EC_CF_TP_TS",FALSE
"40019_alkB",2833,2802,641.1,"PS_PA_ET_EA_EC_TS_CF_TP","PS_PA_ET_EA_CF_TP_EC_TS",FALSE
"40023_yphA",3605,3622,404.4,"PS_CF_EA_ET_PA_EC_TP_TS","PS_CF_EA_ET_PA_EC_TP_TS",TRUE
"40035_rpsP",3260,3281,249,"PS_EA_PA_ET_TP_TS_EC_CF","PS_EA_PA_ET_TP_TS_EC_CF",TRUE
"40036_ffh",3261,3282,1362,"PS_PA_EC_ET_EA_CF_TS_TP","PS_EC_ET_PA_EA_CF_TS_TP",FALSE
"40037_ypjD",3262,3283,802.5,"PS_PA_ET_EA_CF_TP_EC_TS","PS_PA_ET_EA_CF_TP_EC_TS",TRUE
"40038_hypothetical_protein",3263,3284,1282.2,"PS_ET_EA_PA_EC_TP_TS_CF","PS_PA_EA_ET_EC_TP_CF_TS",FALSE
"40039_luxS",3264,3285,516.6,"EC_CF_TP_EA_PS_ET_TS_PA","EC_PS_TP_ET_CF_TS_EA_PA",FALSE
"40040_gshA",3265,3286,1577.1,"PA_PS_ET_EA_EC_CF_TP_TS","PS_PA_ET_EA_EC_CF_TP_TS",FALSE
"40041_csrA",3272,3293,184.8,"PS_ET_EA_PA_TP_EC_CF_TS","PS_ET_TP_EA_PA_EC_CF_TS",FALSE
"40042_alaS",3273,3294,2628.3,"PS_PA_EC_EA_ET_CF_TP_TS","PS_PA_EA_ET_EC_CF_TP_TS",FALSE
"40043_recX",3274,3295,510,"PS_PA_EA_ET_CF_EC_TP_TS","PS_EA_PA_ET_EC_CF_TP_TS",FALSE
"40044_recA",3275,3296,1060.5,"PA_PS_EC_EA_CF_ET_TP_TS","PA_PS_EC_CF_ET_EA_TP_TS",FALSE
"40047_grxA",1442,1455,264,"PS_EA_ET_TP_PA_EC_TS_CF","PS_EA_PA_TP_EC_TS_ET_CF",FALSE
"40050_ybjN",1446,1459,478.5,"PS_PA_ET_EA_CF_EC_TP_TS","PS_PA_ET_EA_CF_EC_TS_TP",FALSE
"40052_artM_3",1454,1467,669.6,"PA_PS_EA_ET_EC_CF_TP_TS","PA_PS_ET_EA_EC_CF_TP_TS",FALSE
"40054_artI",1456,1469,727.8,"PS_PA_EC_EA_ET_TP_TS_CF","PS_PA_EA_EC_ET_TP_TS_CF",FALSE
"40055_artP",1457,1470,731.7,"PS_ET_PA_CF_EA_EC_TP_TS","PS_ET_PA_CF_EC_EA_TS_TP",FALSE
"40063_clpS",1468,1481,321.6,"ET_EA_PS_PA_EC_CF_TP_TS","ET_EA_PS_PA_CF_EC_TP_TS",FALSE
"40068_cydD_2",1473,1486,1770.3,"PS_ET_EC_PA_EA_CF_TS_TP","PS_EC_ET_PA_CF_EA_TP_TS",FALSE
"40094_hypothetical_protein",2820,2781,229.8,"PS_ET_PA_EA_TS_EC_TP_CF","PS_ET_EA_PA_TS_TP_EC_CF",FALSE
"40096_rplY",2818,2779,285.3,"PS_TS_EA_ET_TP_PA_EC_CF","EA_PS_ET_PA_TS_TP_CF_EC",FALSE
"40099_bcr_4",2815,2776,1196.1,"PS_PA_ET_EA_EC_CF_TP_TS","PS_PA_ET_EA_EC_CF_TP_TS",TRUE
"40109_nfo",2798,2759,851.7,"PS_ET_EA_PA_TS_TP_CF_EC","PS_EA_ET_PA_TP_TS_CF_EC",FALSE
"40110_hypothetical_protein",2797,2758,1058.7,"PS_PA_EA_ET_EC_CF_TP_TS","PS_PA_ET_EA_EC_CF_TP_TS",FALSE
"40111_cysL",2795,2756,876,"PS_PA_ET_EA_EC_CF_TP_TS","PS_PA_ET_EA_EC_TP_TS_CF",FALSE
"40122_apbC",2773,2735,1110.3,"PS_PA_EC_CF_ET_EA_TP_TS","PS_PA_EC_ET_CF_EA_TP_TS",FALSE
"40125_dbpA",1027,1042,1387.2,"PS_PA_ET_EA_TP_EC_TS_CF","PS_PA_ET_EA_TP_TS_EC_CF",FALSE
"40128_baeR",2745,2711,711.9,"EA_PS_ET_PA_EC_CF_TP_TS","EA_PS_ET_PA_EC_CF_TP_TS",TRUE
"40129_baeS",2744,2710,1392,"PS_PA_ET_EA_EC_CF_TP_TS","PS_PA_ET_EA_EC_CF_TP_TS",TRUE
"40135_mdtA_2",2740,2706,1221,"PS_ET_PA_EA_EC_CF_TP_TS","PS_PA_ET_EA_EC_CF_TP_TS",FALSE
"40136_hscA_2",2737,2687,1354.2,"ET_EA_PS_EC_PA_CF_TP_TS","ET_EA_PS_EC_PA_CF_TP_TS",TRUE
"40139_dcd",2733,2683,582,"PA_PS_ET_EA_EC_CF_TS_TP","PA_PS_ET_EA_EC_TS_CF_TP",FALSE
"40142_galE",2716,2666,1009.5,"PS_PA_ET_EA_TP_TS_EC_CF","PS_PA_EA_ET_TP_TS_EC_CF",FALSE
"40156_hisI",2704,2649,614.1,"PS_EA_ET_PA_EC_TP_CF_TS","PS_EA_PA_ET_TP_EC_TS_CF",FALSE
"40157_hisF",2703,2648,777,"PS_PA_CF_EC_EA_ET_TP_TS","PS_PA_ET_TP_CF_EC_EA_TS",FALSE
"40158_hisA",2702,2647,738,"PS_ET_PA_EA_TP_TS_EC_CF","PS_ET_EA_PA_EC_TP_TS_CF",FALSE
"40159_hisH",2701,2646,591,"PS_PA_ET_EA_CF_EC_TS_TP","PS_PA_EA_ET_EC_CF_TS_TP",FALSE
"40160_hisB",2700,2645,1068,"PS_PA_EA_ET_EC_CF_TP_TS","PS_PA_EA_ET_EC_CF_TP_TS",TRUE
"40161_hisC",2699,2644,1081.5,"PS_PA_EA_ET_EC_TP_TS_CF","PS_EA_PA_ET_EC_TP_TS_CF",FALSE
"40162_hisD",2698,2643,1306.8,"PS_PA_ET_EA_CF_EC_TP_TS","PS_PA_ET_EA_EC_CF_TS_TP",FALSE
"40163_hisG",2697,2642,900,"PS_PA_ET_EA_CF_EC_TP_TS","PS_PA_EA_ET_CF_EC_TP_TS",FALSE
"40164_yeeZ",2696,2641,828,"PS_PA_EA_ET_EC_CF_TP_TS","PS_PA_ET_EA_CF_EC_TP_TS",FALSE
"40196_adeP",2657,2607,1308.9,"PS_PA_TP_TS_EC_CF_ET_EA","PS_PA_TP_TS_CF_EC_ET_EA",FALSE
"40201_putative_amino-acid_..",2549,2512,789,"PA_PS_EC_CF_TP_ET_EA_TS","PA_PS_EC_CF_ET_TP_EA_TS",FALSE
"40240_yedI",2623,2573,910.8,"PS_PA_ET_EA_EC_CF_TP_TS","PS_PA_ET_EA_EC_TP_CF_TS",FALSE
"40242_rcsA",2612,2561,632.1,"PS_PA_EA_ET_EC_CF_TP_TS","PA_PS_ET_EA_EC_CF_TP_TS",FALSE
"40248_putA",2543,2508,3951.6,"PS_PA_ET_EA_EC_CF_TP_TS","PS_PA_ET_EC_EA_CF_TP_TS",FALSE
"40252_phoH",2528,2480,789.3,"PS_PA_EA_ET_CF_EC_TP_TS","PS_PA_EA_ET_EC_CF_TP_TS",FALSE
"40262_argS",2500,2453,1732.8,"PS_PA_ET_EC_EA_CF_TP_TS","PS_PA_ET_EC_EA_CF_TP_TS",TRUE
"40265_cmoB",2485,2423,968.7,"PS_PA_EA_ET_CF_EC_TP_TS","PS_EA_PA_ET_TP_EC_CF_TS",FALSE
"40266_cmoA",2484,2422,736.8,"PS_EC_CF_PA_EA_ET_TS_TP","PS_EC_PA_CF_EA_ET_TS_TP",FALSE
"40269_nudB",2480,2418,437.7,"PS_ET_PA_EA_CF_EC_TP_TS","PS_ET_PA_EA_EC_TP_CF_TS",FALSE
"40270_yebC",2479,2417,743.7,"PS_ET_EA_PA_CF_EC_TP_TS","PS_PA_EC_ET_EA_CF_TP_TS",FALSE
"40272_ruvA",2477,2415,615.3,"PS_PA_ET_EA_TS_TP_EC_CF","PS_PA_ET_EA_TP_TS_EC_CF",FALSE
"40274_znuB",2475,2413,786,"PS_PA_ET_EA_EC_CF_TP_TS","PS_PA_ET_EA_EC_CF_TP_TS",TRUE
"40275_znuC_2",2474,2412,757.5,"PS_PA_EC_ET_EA_CF_TP_TS","PS_PA_ET_EC_EA_CF_TP_TS",FALSE
"40276_znuA",2473,2411,957.9,"PS_PA_ET_EA_CF_EC_TP_TS","PS_PA_ET_EA_TP_EC_CF_TS",FALSE
"40277_mepM",2472,2410,1326.3,"PS_PA_EC_CF_ET_EA_TP_TS","PS_PA_EC_CF_ET_EA_TP_TS",TRUE
"40278_lpxM",2471,2409,980.4,"PS_PA_EA_ET_TS_EC_TP_CF","PS_PA_EA_ET_TS_EC_TP_CF",TRUE
"40279_pykA",2466,2404,1450.8,"PS_EC_PA_EA_ET_CF_TP_TS","PS_PA_EC_ET_CF_EA_TP_TS",FALSE
"40282_ptrB",2459,2397,2053.2,"PS_PA_EC_EA_ET_CF_TP_TS","PS_PA_EC_EA_ET_CF_TP_TS",TRUE
"40283_exoX",2458,2396,669,"PS_PA_ET_EA_EC_TP_TS_CF","PS_PA_ET_EA_CF_EC_TS_TP",FALSE
"40286_hypothetical_protein",2454,2392,340.8,"PS_CF_EC_PA_ET_TP_EA_TS","EC_CF_PA_PS_ET_TP_EA_TS",FALSE
"40288_hypothetical_protein",2389,2362,2610.6,"PS_PA_EA_ET_EC_CF_TP_TS","PS_PA_EA_ET_EC_CF_TP_TS",TRUE
"40290_msrC",2387,2360,500.4,"PS_ET_PA_EA_TS_EC_TP_CF","ET_PS_EA_PA_TP_TS_EC_CF",FALSE
"40291_proQ",2386,2359,688.8,"PS_PA_EA_EC_ET_CF_TS_TP","PS_PA_EA_ET_EC_CF_TS_TP",FALSE
"40292_prc",2385,2358,2038.8,"PS_PA_ET_EA_CF_EC_TP_TS","PS_PA_EA_ET_CF_EC_TP_TS",FALSE
"40293_htpX",2384,2357,882,"PS_PA_EA_ET_EC_TP_CF_TS","PS_PA_ET_EC_EA_TP_CF_TS",FALSE
"40294_hypothetical_protein",2381,2354,242.1,"EA_PS_ET_PA_EC_CF_TP_TS","EA_PS_ET_PA_EC_TP_CF_TS",FALSE
"40296_cspC",2378,2351,210,"PA_EA_TS_TP_EC_CF_ET_PS","CF_PA_TP_TS_EC_PS_EA_ET",FALSE
"40297_rlmA",2377,2350,814.2,"PS_PA_EA_ET_EC_CF_TP_TS","PS_EA_ET_PA_EC_CF_TS_TP",FALSE
"40303_rutC_3",2365,2338,344.7,"PS_PA_EA_TP_ET_TS_CF_EC","PS_PA_TP_EA_TS_ET_CF_EC",FALSE
"40304_dinG_1",2297,2337,1918.8,"PS_ET_EA_PA_EC_CF_TP_TS","PS_ET_EA_PA_EC_CF_TP_TS",TRUE
"40305_tsaB",2296,2336,702,"PS_ET_PA_EA_EC_CF_TP_TS","PS_ET_PA_EC_EA_CF_TS_TP",FALSE
"40306_hypothetical_protein",2295,2335,593.7,"PS_PA_ET_EC_CF_EA_TP_TS","PS_PA_ET_TP_EC_EA_CF_TS",FALSE
"40307_rnd",2293,2333,1134.6,"PS_PA_CF_EA_EC_ET_TP_TS","PS_PA_EA_CF_ET_EC_TS_TP",FALSE
"40308_minE",2292,2332,270.9,"PS_PA_EA_TS_TP_ET_EC_CF","PS_PA_EA_ET_TP_TS_EC_CF",FALSE
"40309_minD",2291,2331,813,"PS_PA_TP_ET_EC_TS_EA_CF","PS_TP_PA_TS_EC_CF_EA_ET",FALSE
"40310_minC",2290,2330,709.5,"PS_PA_ET_TP_EA_TS_EC_CF","PS_PA_ET_EA_TP_TS_EC_CF",FALSE
"40311_ycgL",2289,2329,274.8,"PS_ET_EA_PA_CF_EC_TP_TS","PS_ET_EA_PA_EC_CF_TP_TS",FALSE
"40313_hypothetical_protein",2286,2326,447.9,"PA_PS_EA_ET_TP_EC_CF_TS","PA_PS_EA_ET_EC_TP_CF_TS",FALSE
"40314_dsbB",2285,2325,523.2,"PS_PA_EC_CF_EA_ET_TP_TS","PS_PA_EC_CF_EA_ET_TP_TS",TRUE
"40315_fadR",2283,2323,718.2,"PS_PA_ET_CF_EC_EA_TP_TS","PS_ET_PA_EC_EA_CF_TP_TS",FALSE
"40316_hypothetical_protein",2282,2322,1536.6,"PS_PA_EC_ET_EA_CF_TS_TP","PS_PA_EC_EA_ET_CF_TS_TP",FALSE
"40317_dadA_1",2281,2321,1302.9,"PS_PA_ET_EC_EA_CF_TS_TP","PS_PA_ET_EC_CF_EA_TS_TP",FALSE
"40318_dadX",2280,2320,1071,"PS_ET_EC_EA_PA_CF_TP_TS","PS_PA_EA_ET_EC_CF_TP_TS",FALSE
"40321_hypothetical_protein",2275,2295,1280.7,"PS_PA_ET_EC_CF_EA_TS_TP","PS_PA_EC_ET_CF_EA_TS_TP",FALSE
"40322_hypothetical_protein",2274,2294,1935,"PS_PA_EC_EA_ET_CF_TS_TP","PS_PA_EC_CF_ET_EA_TS_TP",FALSE
"40323_mipA",2273,2293,749.4,"PS_PA_ET_EA_TP_TS_CF_EC","PS_PA_ET_EA_TP_CF_EC_TS",FALSE
"40324_yeaD",2271,2291,881.7,"PS_PA_ET_EA_TP_CF_EC_TS","PS_PA_EA_ET_TP_CF_EC_TS",FALSE
"40325_gapA",2270,2290,997.5,"PS_PA_CF_EC_ET_TP_TS_EA","PS_PA_EC_CF_ET_TP_TS_EA",FALSE
"40326_msrB",2269,2289,411.9,"PS_PA_EA_ET_EC_TP_CF_TS","PS_PA_EA_ET_EC_CF_TP_TS",FALSE
"40327_hypothetical_protein",2268,2288,280.5,"PS_EA_PA_ET_EC_TP_CF_TS","PS_EA_PA_ET_EC_TP_CF_TS",TRUE
"40328_ansA",2266,2286,1017.3,"ET_PS_EA_EC_PA_TP_CF_TS","PS_ET_PA_EA_EC_CF_TP_TS",FALSE
"40329_sppA_2",2265,2285,1859.7,"PS_PA_ET_EA_CF_EC_TP_TS","PS_PA_ET_EA_EC_CF_TP_TS",FALSE
"40330_ydjA",2264,2284,552.6,"PS_PA_ET_EA_EC_TP_CF_TS","PS_PA_ET_EC_EA_TP_CF_TS",FALSE
"40331_topB",2262,2282,1925.1,"PS_PA_ET_EC_EA_CF_TP_TS","PS_PA_ET_EC_EA_CF_TP_TS",TRUE
"40376_mdoC",1598,1594,1129.8,"PS_PA_ET_EA_EC_CF_TS_TP","PS_PA_EA_EC_ET_CF_TP_TS",FALSE
"40377_mdoG",1599,1595,1560.9,"PS_EA_PA_ET_TP_EC_TS_CF","PS_EA_ET_PA_EC_CF_TP_TS",FALSE
"40380_hypothetical_protein",1602,1598,397.8,"EA_PS_ET_EC_PA_CF_TP_TS","EA_ET_PA_PS_EC_CF_TP_TS",FALSE
"40382_hypothetical_protein",1605,1601,1056,"PS_ET_EA_PA_EC_TP_TS_CF","PS_PA_EA_ET_TP_EC_TS_CF",FALSE
"40384_solA",1609,1605,1116.9,"PA_PS_ET_EA_EC_CF_TP_TS","PA_PS_ET_EA_EC_CF_TP_TS",TRUE
"40385_bssS",1610,1606,255.6,"EA_ET_PA_PS_TP_TS_EC_CF","EA_ET_PS_PA_TP_TS_EC_CF",FALSE
"40389_secE",3835,3945,384,"PA_PS_ET_CF_EA_EC_TP_TS","PS_PA_ET_EA_CF_EC_TP_TS",FALSE
"40390_nusG",3834,3944,546,"PS_EC_PA_ET_EA_CF_TS_TP","PS_EC_EA_ET_PA_CF_TP_TS",FALSE
"40391_rplK",3833,3943,429,"PS_ET_EA_PA_EC_CF_TP_TS","PS_EA_ET_PA_EC_CF_TP_TS",FALSE
"40392_rplA",3832,3942,705.3,"PS_EC_CF_ET_EA_PA_TP_TS","PS_CF_EC_ET_EA_PA_TP_TS",FALSE
"40393_rplJ",3831,3941,499.2,"PS_TP_PA_TS_CF_EC_EA_ET","PS_TP_PA_TS_CF_EC_EA_ET",TRUE
"40394_rplL",3830,3940,365.7,"CF_PS_EC_TP_ET_PA_TS_EA","CF_PS_EC_TP_ET_TS_PA_EA",FALSE
"40395_rpoB",3829,3939,4029,"PS_EA_EC_ET_CF_PA_TS_TP","PS_EA_ET_CF_EC_PA_TS_TP",FALSE
"40396_rpoC",3828,3938,4221.6,"PS_PA_EC_CF_ET_EA_TS_TP","PS_PA_EC_ET_CF_EA_TS_TP",FALSE
"40398_nudC",3819,3929,776.7,"PS_EC_PA_ET_EA_CF_TP_TS","PS_PA_ET_EA_EC_CF_TP_TS",FALSE
"40399_hemE",3818,3928,1067.4,"ET_EA_PS_EC_CF_PA_TS_TP","PS_ET_EA_EC_CF_PA_TP_TS",FALSE
"40404_purD",3813,3923,1283.7,"PS_PA_ET_EA_CF_EC_TS_TP","PS_ET_PA_EA_CF_EC_TP_TS",FALSE
"40405_purH",3812,3922,1590,"PS_ET_EA_EC_CF_PA_TP_TS","PS_EC_ET_CF_EA_PA_TS_TP",FALSE
